Precursor.Ion.Name,Replicate.Name,nmol.in.Enviro.ave,Empirical_Formula,nmol.C.ave,nmol.N.ave
(3-Carboxypropyl)trimethylammonium,220815_Poo_TruePooUCYNA_Full1,0.1057185876,C7H16NO2,0.7400301129,0.1057185876
(3-Carboxypropyl)trimethylammonium,220815_Poo_TruePooUCYNA_Full2,0.1002867411,C7H16NO2,0.7020071875,0.1002867411
(3-Carboxypropyl)trimethylammonium,220815_Poo_TruePooUCYNA_Full3,0.09784158324,C7H16NO2,0.6848910827,0.09784158324
(3-Carboxypropyl)trimethylammonium,220815_Smp_TrichoBloom_1,0.3011822168,C7H16NO2,2.108275518,0.3011822168
(3-Carboxypropyl)trimethylammonium,220815_Smp_TrichoBloom_2,0.306925768,C7H16NO2,2.148480376,0.306925768
(3-Carboxypropyl)trimethylammonium,220815_Smp_TrichoBloom_3,0.1032875377,C7H16NO2,0.7230127638,0.1032875377
(3-Carboxypropyl)trimethylammonium,220815_Smp_UCYNAnew_1,0.06422289651,C7H16NO2,0.4495602756,0.06422289651
(3-Carboxypropyl)trimethylammonium,220815_Smp_UCYNAnew_2,0.1012533315,C7H16NO2,0.7087733207,0.1012533315
(3-Carboxypropyl)trimethylammonium,220815_Smp_UCYNAnew_3,0.09865025932,C7H16NO2,0.6905518152,0.09865025932
2-Heptyl-3-hydroxy-quinolone,220815_Poo_TruePooUCYNA_Full1,NA,C16H21NO2,NA,NA
2-Heptyl-3-hydroxy-quinolone,220815_Poo_TruePooUCYNA_Full2,NA,C16H21NO2,NA,NA
2-Heptyl-3-hydroxy-quinolone,220815_Poo_TruePooUCYNA_Full3,NA,C16H21NO2,NA,NA
2-Heptyl-3-hydroxy-quinolone,220815_Smp_TrichoBloom_1,NA,C16H21NO2,NA,NA
2-Heptyl-3-hydroxy-quinolone,220815_Smp_TrichoBloom_2,NA,C16H21NO2,NA,NA
2-Heptyl-3-hydroxy-quinolone,220815_Smp_TrichoBloom_3,NA,C16H21NO2,NA,NA
2-Heptyl-3-hydroxy-quinolone,220815_Smp_UCYNAnew_1,NA,C16H21NO2,NA,NA
2-Heptyl-3-hydroxy-quinolone,220815_Smp_UCYNAnew_2,NA,C16H21NO2,NA,NA
2-Heptyl-3-hydroxy-quinolone,220815_Smp_UCYNAnew_3,NA,C16H21NO2,NA,NA
2-O-alpha-D-Glucosylglycerol,220815_Poo_TruePooUCYNA_Full1,16.25846874,C9H18O8,146.3262186,NA
2-O-alpha-D-Glucosylglycerol,220815_Poo_TruePooUCYNA_Full2,17.13798689,C9H18O8,154.241882,NA
2-O-alpha-D-Glucosylglycerol,220815_Poo_TruePooUCYNA_Full3,22.13258627,C9H18O8,199.1932764,NA
2-O-alpha-D-Glucosylglycerol,220815_Smp_TrichoBloom_1,46.34748435,C9H18O8,417.1273592,NA
2-O-alpha-D-Glucosylglycerol,220815_Smp_TrichoBloom_2,48.27351812,C9H18O8,434.4616631,NA
2-O-alpha-D-Glucosylglycerol,220815_Smp_TrichoBloom_3,33.20645649,C9H18O8,298.8581084,NA
2-O-alpha-D-Glucosylglycerol,220815_Smp_UCYNAnew_1,25.83491028,C9H18O8,232.5141925,NA
2-O-alpha-D-Glucosylglycerol,220815_Smp_UCYNAnew_2,15.5764557,C9H18O8,140.1881013,NA
2-O-alpha-D-Glucosylglycerol,220815_Smp_UCYNAnew_3,17.00117417,C9H18O8,153.0105675,NA
"2,3-Pyridinedicarboxylic acid",220815_Poo_TruePooUCYNA_Full1,0.000840572595,C7H5NO4,0.005884008165,0.000840572595
"2,3-Pyridinedicarboxylic acid",220815_Poo_TruePooUCYNA_Full2,0.0007408159764,C7H5NO4,0.005185711835,0.0007408159764
"2,3-Pyridinedicarboxylic acid",220815_Poo_TruePooUCYNA_Full3,0.005633866272,C7H5NO4,0.0394370639,0.005633866272
"2,3-Pyridinedicarboxylic acid",220815_Smp_TrichoBloom_1,0.003321218772,C7H5NO4,0.0232485314,0.003321218772
"2,3-Pyridinedicarboxylic acid",220815_Smp_TrichoBloom_2,0.002324402932,C7H5NO4,0.01627082052,0.002324402932
"2,3-Pyridinedicarboxylic acid",220815_Smp_TrichoBloom_3,0.001286265368,C7H5NO4,0.009003857579,0.001286265368
"2,3-Pyridinedicarboxylic acid",220815_Smp_UCYNAnew_1,0.0001677485604,C7H5NO4,0.001174239923,0.0001677485604
"2,3-Pyridinedicarboxylic acid",220815_Smp_UCYNAnew_2,0.001059660666,C7H5NO4,0.007417624664,0.001059660666
"2,3-Pyridinedicarboxylic acid",220815_Smp_UCYNAnew_3,0.00008696123286,C7H5NO4,0.00060872863,0.00008696123286
4-Aminobutyric acid,220815_Poo_TruePooUCYNA_Full1,0.06922434183,C4H9NO2,0.2768973673,0.06922434183
4-Aminobutyric acid,220815_Poo_TruePooUCYNA_Full2,0.02223609036,C4H9NO2,0.08894436142,0.02223609036
4-Aminobutyric acid,220815_Poo_TruePooUCYNA_Full3,0.02709745638,C4H9NO2,0.1083898255,0.02709745638
4-Aminobutyric acid,220815_Smp_TrichoBloom_1,2.195495939,C4H9NO2,8.781983756,2.195495939
4-Aminobutyric acid,220815_Smp_TrichoBloom_2,0.9253377193,C4H9NO2,3.701350877,0.9253377193
4-Aminobutyric acid,220815_Smp_TrichoBloom_3,0.3463075488,C4H9NO2,1.385230195,0.3463075488
4-Aminobutyric acid,220815_Smp_UCYNAnew_1,0.1153640217,C4H9NO2,0.4614560867,0.1153640217
4-Aminobutyric acid,220815_Smp_UCYNAnew_2,0.06978220465,C4H9NO2,0.2791288186,0.06978220465
4-Aminobutyric acid,220815_Smp_UCYNAnew_3,0.1171112937,C4H9NO2,0.468445175,0.1171112937
5-Hydroxyectoine,220815_Poo_TruePooUCYNA_Full1,0.001003681268,C6H10N2O3,0.006022087607,0.002007362536
5-Hydroxyectoine,220815_Poo_TruePooUCYNA_Full2,0.001451198313,C6H10N2O3,0.008707189875,0.002902396625
5-Hydroxyectoine,220815_Poo_TruePooUCYNA_Full3,0.002015907317,C6H10N2O3,0.0120954439,0.004031814635
5-Hydroxyectoine,220815_Smp_TrichoBloom_1,0.05093380587,C6H10N2O3,0.3056028352,0.1018676117
5-Hydroxyectoine,220815_Smp_TrichoBloom_2,0.03887653244,C6H10N2O3,0.2332591946,0.07775306488
5-Hydroxyectoine,220815_Smp_TrichoBloom_3,0.00388662272,C6H10N2O3,0.02331973632,0.007773245441
5-Hydroxyectoine,220815_Smp_UCYNAnew_1,0.0008273906981,C6H10N2O3,0.004964344188,0.001654781396
5-Hydroxyectoine,220815_Smp_UCYNAnew_2,0.0007278205349,C6H10N2O3,0.004366923209,0.00145564107
5-Hydroxyectoine,220815_Smp_UCYNAnew_3,0.001058852092,C6H10N2O3,0.006353112549,0.002117704183
5-Methylcytosine,220815_Poo_TruePooUCYNA_Full1,0.003132282468,C5H7N3O,0.01566141234,0.009396847405
5-Methylcytosine,220815_Poo_TruePooUCYNA_Full2,0.003113728233,C5H7N3O,0.01556864116,0.009341184698
5-Methylcytosine,220815_Poo_TruePooUCYNA_Full3,0.001223918955,C5H7N3O,0.006119594775,0.003671756865
5-Methylcytosine,220815_Smp_TrichoBloom_1,0.002214474582,C5H7N3O,0.01107237291,0.006643423746
5-Methylcytosine,220815_Smp_TrichoBloom_2,0.0006499679682,C5H7N3O,0.003249839841,0.001949903904
5-Methylcytosine,220815_Smp_TrichoBloom_3,0.0001957570184,C5H7N3O,0.0009787850921,0.0005872710552
5-Methylcytosine,220815_Smp_UCYNAnew_1,0.00149325133,C5H7N3O,0.007466256649,0.004479753989
5-Methylcytosine,220815_Smp_UCYNAnew_2,0.003382740342,C5H7N3O,0.01691370171,0.01014822103
5-Methylcytosine,220815_Smp_UCYNAnew_3,0.00465402048,C5H7N3O,0.0232701024,0.01396206144
Acetylcholine,220815_Poo_TruePooUCYNA_Full1,0.0001582905195,C7H16NO2,0.001108033637,0.0001582905195
Acetylcholine,220815_Poo_TruePooUCYNA_Full2,0.0005515469054,C7H16NO2,0.003860828338,0.0005515469054
Acetylcholine,220815_Poo_TruePooUCYNA_Full3,0.0000520583316,C7H16NO2,0.0003644083212,0.0000520583316
Acetylcholine,220815_Smp_TrichoBloom_1,0.00004245959726,C7H16NO2,0.0002972171808,0.00004245959726
Acetylcholine,220815_Smp_TrichoBloom_2,0.00007472188985,C7H16NO2,0.0005230532289,0.00007472188985
Acetylcholine,220815_Smp_TrichoBloom_3,0.0001022950214,C7H16NO2,0.0007160651495,0.0001022950214
Acetylcholine,220815_Smp_UCYNAnew_1,0.0001264949822,C7H16NO2,0.0008854648751,0.0001264949822
Acetylcholine,220815_Smp_UCYNAnew_2,0.0005299465118,C7H16NO2,0.003709625583,0.0005299465118
Acetylcholine,220815_Smp_UCYNAnew_3,0.0001550967038,C7H16NO2,0.001085676927,0.0001550967038
Adenine,220815_Poo_TruePooUCYNA_Full1,0.2431988595,C5H5N5,1.215994297,1.215994297
Adenine,220815_Poo_TruePooUCYNA_Full2,0.2387430894,C5H5N5,1.193715447,1.193715447
Adenine,220815_Poo_TruePooUCYNA_Full3,0.2429745671,C5H5N5,1.214872836,1.214872836
Adenine,220815_Smp_TrichoBloom_1,0.9055405943,C5H5N5,4.527702972,4.527702972
Adenine,220815_Smp_TrichoBloom_2,0.6851380459,C5H5N5,3.42569023,3.42569023
Adenine,220815_Smp_TrichoBloom_3,0.3533846513,C5H5N5,1.766923256,1.766923256
Adenine,220815_Smp_UCYNAnew_1,0.1602532071,C5H5N5,0.8012660357,0.8012660357
Adenine,220815_Smp_UCYNAnew_2,0.2128347023,C5H5N5,1.064173512,1.064173512
Adenine,220815_Smp_UCYNAnew_3,0.1495094843,C5H5N5,0.7475474216,0.7475474216
Adenosine,220815_Poo_TruePooUCYNA_Full1,5.445156233,C10H13N5O4,54.45156233,27.22578117
Adenosine,220815_Poo_TruePooUCYNA_Full2,5.566342064,C10H13N5O4,55.66342064,27.83171032
Adenosine,220815_Poo_TruePooUCYNA_Full3,5.097992998,C10H13N5O4,50.97992998,25.48996499
Adenosine,220815_Smp_TrichoBloom_1,17.31207743,C10H13N5O4,173.1207743,86.56038715
Adenosine,220815_Smp_TrichoBloom_2,15.96274547,C10H13N5O4,159.6274547,79.81372736
Adenosine,220815_Smp_TrichoBloom_3,9.435842038,C10H13N5O4,94.35842038,47.17921019
Adenosine,220815_Smp_UCYNAnew_1,3.545124935,C10H13N5O4,35.45124935,17.72562467
Adenosine,220815_Smp_UCYNAnew_2,3.479462595,C10H13N5O4,34.79462595,17.39731297
Adenosine,220815_Smp_UCYNAnew_3,4.400241765,C10H13N5O4,44.00241765,22.00120882
beta-Alanine,220815_Poo_TruePooUCYNA_Full1,0.1684964426,C3H7NO2,0.5054893277,0.1684964426
beta-Alanine,220815_Poo_TruePooUCYNA_Full2,0.1900018457,C3H7NO2,0.570005537,0.1900018457
beta-Alanine,220815_Poo_TruePooUCYNA_Full3,0.1767584255,C3H7NO2,0.5302752766,0.1767584255
beta-Alanine,220815_Smp_TrichoBloom_1,0.09831322027,C3H7NO2,0.2949396608,0.09831322027
beta-Alanine,220815_Smp_TrichoBloom_2,0.07546924144,C3H7NO2,0.2264077243,0.07546924144
beta-Alanine,220815_Smp_TrichoBloom_3,0.03572186254,C3H7NO2,0.1071655876,0.03572186254
beta-Alanine,220815_Smp_UCYNAnew_1,0.1757795153,C3H7NO2,0.5273385458,0.1757795153
beta-Alanine,220815_Smp_UCYNAnew_2,0.2054611315,C3H7NO2,0.6163833945,0.2054611315
beta-Alanine,220815_Smp_UCYNAnew_3,0.2062201392,C3H7NO2,0.6186604175,0.2062201392
beta-Alaninebetaine,220815_Poo_TruePooUCYNA_Full1,0.05448091358,C6H13NO2,0.3268854815,0.05448091358
beta-Alaninebetaine,220815_Poo_TruePooUCYNA_Full2,0.05208102349,C6H13NO2,0.3124861409,0.05208102349
beta-Alaninebetaine,220815_Poo_TruePooUCYNA_Full3,0.05456287035,C6H13NO2,0.3273772221,0.05456287035
beta-Alaninebetaine,220815_Smp_TrichoBloom_1,0.9341674679,C6H13NO2,5.605004808,0.9341674679
beta-Alaninebetaine,220815_Smp_TrichoBloom_2,0.1539152396,C6H13NO2,0.9234914377,0.1539152396
beta-Alaninebetaine,220815_Smp_TrichoBloom_3,0.07526080041,C6H13NO2,0.4515648025,0.07526080041
beta-Alaninebetaine,220815_Smp_UCYNAnew_1,0.05633634515,C6H13NO2,0.3380180709,0.05633634515
beta-Alaninebetaine,220815_Smp_UCYNAnew_2,0.05589170536,C6H13NO2,0.3353502321,0.05589170536
beta-Alaninebetaine,220815_Smp_UCYNAnew_3,0.05312201608,C6H13NO2,0.3187320965,0.05312201608
beta-Glutamic acid,220815_Poo_TruePooUCYNA_Full1,-5.194890242,C5H9NO4,-25.97445121,-5.194890242
beta-Glutamic acid,220815_Poo_TruePooUCYNA_Full2,-5.759703259,C5H9NO4,-28.79851629,-5.759703259
beta-Glutamic acid,220815_Poo_TruePooUCYNA_Full3,-6.688364656,C5H9NO4,-33.44182328,-6.688364656
beta-Glutamic acid,220815_Smp_TrichoBloom_1,-10.44155355,C5H9NO4,-52.20776773,-10.44155355
beta-Glutamic acid,220815_Smp_TrichoBloom_2,-5.245736897,C5H9NO4,-26.22868448,-5.245736897
beta-Glutamic acid,220815_Smp_TrichoBloom_3,-0.8169770905,C5H9NO4,-4.084885452,-0.8169770905
beta-Glutamic acid,220815_Smp_UCYNAnew_1,-3.633272393,C5H9NO4,-18.16636196,-3.633272393
beta-Glutamic acid,220815_Smp_UCYNAnew_2,-4.41406857,C5H9NO4,-22.07034285,-4.41406857
beta-Glutamic acid,220815_Smp_UCYNAnew_3,-4.528966465,C5H9NO4,-22.64483232,-4.528966465
Betonicine,220815_Poo_TruePooUCYNA_Full1,0.00006121550202,C7H13NO3,0.0004285085141,0.00006121550202
Betonicine,220815_Poo_TruePooUCYNA_Full2,0.00003747375387,C7H13NO3,0.0002623162771,0.00003747375387
Betonicine,220815_Poo_TruePooUCYNA_Full3,0.00008139767559,C7H13NO3,0.0005697837291,0.00008139767559
Betonicine,220815_Smp_TrichoBloom_1,1.731544533,C7H13NO3,12.12081173,1.731544533
Betonicine,220815_Smp_TrichoBloom_2,0.8747747812,C7H13NO3,6.123423468,0.8747747812
Betonicine,220815_Smp_TrichoBloom_3,0.2422656424,C7H13NO3,1.695859496,0.2422656424
Betonicine,220815_Smp_UCYNAnew_1,0.00037505009,C7H13NO3,0.00262535063,0.00037505009
Betonicine,220815_Smp_UCYNAnew_2,0.0007150843079,C7H13NO3,0.005005590155,0.0007150843079
Betonicine,220815_Smp_UCYNAnew_3,0.0009729242832,C7H13NO3,0.006810469983,0.0009729242832
Butyrylcarnitine,220815_Poo_TruePooUCYNA_Full1,0.00001106241432,C11H21NO4,0.0001216865575,0.00001106241432
Butyrylcarnitine,220815_Poo_TruePooUCYNA_Full2,0.000009711332074,C11H21NO4,0.0001068246528,0.000009711332074
Butyrylcarnitine,220815_Poo_TruePooUCYNA_Full3,0.00001101580349,C11H21NO4,0.0001211738383,0.00001101580349
Butyrylcarnitine,220815_Smp_TrichoBloom_1,0.000001422365362,C11H21NO4,0.00001564601898,0.000001422365362
Butyrylcarnitine,220815_Smp_TrichoBloom_2,0.0000004760679121,C11H21NO4,0.000005236747033,0.0000004760679121
Butyrylcarnitine,220815_Smp_TrichoBloom_3,0.0000007550323066,C11H21NO4,0.000008305355372,0.0000007550323066
Butyrylcarnitine,220815_Smp_UCYNAnew_1,0.000003626097533,C11H21NO4,0.00003988707286,0.000003626097533
Butyrylcarnitine,220815_Smp_UCYNAnew_2,0.00001007160785,C11H21NO4,0.0001107876864,0.00001007160785
Butyrylcarnitine,220815_Smp_UCYNAnew_3,0.000009301382034,C11H21NO4,0.0001023152024,0.000009301382034
Carnitine,220815_Poo_TruePooUCYNA_Full1,0.2613128103,C7H15NO3,1.829189672,0.2613128103
Carnitine,220815_Poo_TruePooUCYNA_Full2,0.2453519096,C7H15NO3,1.717463367,0.2453519096
Carnitine,220815_Poo_TruePooUCYNA_Full3,0.253140995,C7H15NO3,1.771986965,0.253140995
Carnitine,220815_Smp_TrichoBloom_1,1.305826756,C7H15NO3,9.140787292,1.305826756
Carnitine,220815_Smp_TrichoBloom_2,0.8063807883,C7H15NO3,5.644665518,0.8063807883
Carnitine,220815_Smp_TrichoBloom_3,0.03192950401,C7H15NO3,0.2235065281,0.03192950401
Carnitine,220815_Smp_UCYNAnew_1,0.1530600226,C7H15NO3,1.071420158,0.1530600226
Carnitine,220815_Smp_UCYNAnew_2,0.2263984653,C7H15NO3,1.584789257,0.2263984653
Carnitine,220815_Smp_UCYNAnew_3,0.2207684162,C7H15NO3,1.545378913,0.2207684162
Chitobiose,220815_Poo_TruePooUCYNA_Full1,0.001533949103,C16H28N2O11,0.02454318565,0.003067898206
Chitobiose,220815_Poo_TruePooUCYNA_Full2,0.009538353202,C16H28N2O11,0.1526136512,0.0190767064
Chitobiose,220815_Poo_TruePooUCYNA_Full3,0.01245669489,C16H28N2O11,0.1993071182,0.02491338977
Chitobiose,220815_Smp_TrichoBloom_1,0.06359157673,C16H28N2O11,1.017465228,0.1271831535
Chitobiose,220815_Smp_TrichoBloom_2,0.1216562203,C16H28N2O11,1.946499524,0.2433124406
Chitobiose,220815_Smp_TrichoBloom_3,0.0005143227067,C16H28N2O11,0.008229163307,0.001028645413
Chitobiose,220815_Smp_UCYNAnew_1,0.01495053266,C16H28N2O11,0.2392085226,0.02990106532
Chitobiose,220815_Smp_UCYNAnew_2,0.02804630448,C16H28N2O11,0.4487408717,0.05609260896
Chitobiose,220815_Smp_UCYNAnew_3,0.03146578519,C16H28N2O11,0.503452563,0.06293157038
Choline,220815_Poo_TruePooUCYNA_Full1,0.0001202931875,C5H14NO,0.0006014659374,0.0001202931875
Choline,220815_Poo_TruePooUCYNA_Full2,0.00009382226603,C5H14NO,0.0004691113301,0.00009382226603
Choline,220815_Poo_TruePooUCYNA_Full3,0.0001673912984,C5H14NO,0.0008369564922,0.0001673912984
Choline,220815_Smp_TrichoBloom_1,0.002255956394,C5H14NO,0.01127978197,0.002255956394
Choline,220815_Smp_TrichoBloom_2,0.0002971254491,C5H14NO,0.001485627246,0.0002971254491
Choline,220815_Smp_TrichoBloom_3,0.0007366448957,C5H14NO,0.003683224479,0.0007366448957
Choline,220815_Smp_UCYNAnew_1,0.0005215612884,C5H14NO,0.002607806442,0.0005215612884
Choline,220815_Smp_UCYNAnew_2,0.0004933564901,C5H14NO,0.002466782451,0.0004933564901
Choline,220815_Smp_UCYNAnew_3,0.0003159411728,C5H14NO,0.001579705864,0.0003159411728
Choline sulfate,220815_Poo_TruePooUCYNA_Full1,0.00004579499985,C5H13NO4S,0.0002289749993,0.00004579499985
Choline sulfate,220815_Poo_TruePooUCYNA_Full2,0.0000181942154,C5H13NO4S,0.00009097107702,0.0000181942154
Choline sulfate,220815_Poo_TruePooUCYNA_Full3,0.00003535381379,C5H13NO4S,0.0001767690689,0.00003535381379
Choline sulfate,220815_Smp_TrichoBloom_1,0.0002326067162,C5H13NO4S,0.001163033581,0.0002326067162
Choline sulfate,220815_Smp_TrichoBloom_2,0.00003056079208,C5H13NO4S,0.0001528039604,0.00003056079208
Choline sulfate,220815_Smp_TrichoBloom_3,0.008708937607,C5H13NO4S,0.04354468804,0.008708937607
Choline sulfate,220815_Smp_UCYNAnew_1,0.0000349922257,C5H13NO4S,0.0001749611285,0.0000349922257
Choline sulfate,220815_Smp_UCYNAnew_2,0.00001850565624,C5H13NO4S,0.00009252828122,0.00001850565624
Choline sulfate,220815_Smp_UCYNAnew_3,0.00004458750677,C5H13NO4S,0.0002229375339,0.00004458750677
Citrulline,220815_Poo_TruePooUCYNA_Full1,0.08197272476,C6H13N3O3,0.4918363485,0.2459181743
Citrulline,220815_Poo_TruePooUCYNA_Full2,0.1139071759,C6H13N3O3,0.6834430555,0.3417215277
Citrulline,220815_Poo_TruePooUCYNA_Full3,0.149923552,C6H13N3O3,0.899541312,0.449770656
Citrulline,220815_Smp_TrichoBloom_1,3.952935426,C6H13N3O3,23.71761256,11.85880628
Citrulline,220815_Smp_TrichoBloom_2,2.88579062,C6H13N3O3,17.31474372,8.657371861
Citrulline,220815_Smp_TrichoBloom_3,0.277734388,C6H13N3O3,1.666406328,0.8332031641
Citrulline,220815_Smp_UCYNAnew_1,0.05932151545,C6H13N3O3,0.3559290927,0.1779645464
Citrulline,220815_Smp_UCYNAnew_2,0.06186145307,C6H13N3O3,0.3711687184,0.1855843592
Citrulline,220815_Smp_UCYNAnew_3,0.08724848165,C6H13N3O3,0.5234908899,0.261745445
Creatine,220815_Poo_TruePooUCYNA_Full1,0.001970479738,C4H9N3O2,0.007881918952,0.005911439214
Creatine,220815_Poo_TruePooUCYNA_Full2,0.004219892264,C4H9N3O2,0.01687956906,0.01265967679
Creatine,220815_Poo_TruePooUCYNA_Full3,0.003660243026,C4H9N3O2,0.01464097211,0.01098072908
Creatine,220815_Smp_TrichoBloom_1,0.0006114257226,C4H9N3O2,0.00244570289,0.001834277168
Creatine,220815_Smp_TrichoBloom_2,0.0002523304321,C4H9N3O2,0.001009321729,0.0007569912964
Creatine,220815_Smp_TrichoBloom_3,0.0005749150397,C4H9N3O2,0.002299660159,0.001724745119
Creatine,220815_Smp_UCYNAnew_1,0.00230075892,C4H9N3O2,0.00920303568,0.00690227676
Creatine,220815_Smp_UCYNAnew_2,0.002412892614,C4H9N3O2,0.009651570458,0.007238677843
Creatine,220815_Smp_UCYNAnew_3,0.001830889997,C4H9N3O2,0.007323559988,0.005492669991
Creatinine,220815_Poo_TruePooUCYNA_Full1,0.0002929665626,C4H7N3O,0.00117186625,0.0008788996879
Creatinine,220815_Poo_TruePooUCYNA_Full2,0.0006532196681,C4H7N3O,0.002612878673,0.001959659004
Creatinine,220815_Poo_TruePooUCYNA_Full3,0.0006497134508,C4H7N3O,0.002598853803,0.001949140352
Creatinine,220815_Smp_TrichoBloom_1,0.001172071173,C4H7N3O,0.004688284693,0.00351621352
Creatinine,220815_Smp_TrichoBloom_2,0.000787417241,C4H7N3O,0.003149668964,0.002362251723
Creatinine,220815_Smp_TrichoBloom_3,0.0008232164928,C4H7N3O,0.003292865971,0.002469649479
Creatinine,220815_Smp_UCYNAnew_1,0.0008982707878,C4H7N3O,0.003593083151,0.002694812363
Creatinine,220815_Smp_UCYNAnew_2,0.000803581461,C4H7N3O,0.003214325844,0.002410744383
Creatinine,220815_Smp_UCYNAnew_3,0.0006658036411,C4H7N3O,0.002663214564,0.001997410923
Cytidine,220815_Poo_TruePooUCYNA_Full1,0.130874057,C9H13N3O5,1.177866513,0.392622171
Cytidine,220815_Poo_TruePooUCYNA_Full2,0.1095285532,C9H13N3O5,0.9857569787,0.3285856596
Cytidine,220815_Poo_TruePooUCYNA_Full3,0.1077375556,C9H13N3O5,0.9696380007,0.3232126669
Cytidine,220815_Smp_TrichoBloom_1,0.03589842643,C9H13N3O5,0.3230858379,0.1076952793
Cytidine,220815_Smp_TrichoBloom_2,0.08342964103,C9H13N3O5,0.7508667692,0.2502889231
Cytidine,220815_Smp_TrichoBloom_3,0.1390408458,C9H13N3O5,1.251367612,0.4171225374
Cytidine,220815_Smp_UCYNAnew_1,0.5371589223,C9H13N3O5,4.8344303,1.611476767
Cytidine,220815_Smp_UCYNAnew_2,0.1025151347,C9H13N3O5,0.9226362124,0.3075454041
Cytidine,220815_Smp_UCYNAnew_3,0.2514550895,C9H13N3O5,2.263095806,0.7543652686
Cytosine,220815_Poo_TruePooUCYNA_Full1,0.2919223552,C4H5N3O,1.167689421,0.8757670657
Cytosine,220815_Poo_TruePooUCYNA_Full2,0.2954300588,C4H5N3O,1.181720235,0.8862901765
Cytosine,220815_Poo_TruePooUCYNA_Full3,0.3209376955,C4H5N3O,1.283750782,0.9628130866
Cytosine,220815_Smp_TrichoBloom_1,0.1410531584,C4H5N3O,0.5642126336,0.4231594752
Cytosine,220815_Smp_TrichoBloom_2,0.120843951,C4H5N3O,0.4833758038,0.3625318529
Cytosine,220815_Smp_TrichoBloom_3,0.07949703001,C4H5N3O,0.31798812,0.23849109
Cytosine,220815_Smp_UCYNAnew_1,0.5897354215,C4H5N3O,2.358941686,1.769206265
Cytosine,220815_Smp_UCYNAnew_2,0.1510767884,C4H5N3O,0.6043071537,0.4532303653
Cytosine,220815_Smp_UCYNAnew_3,0.3152958605,C4H5N3O,1.261183442,0.9458875816
Deoxyadenosine,220815_Poo_TruePooUCYNA_Full1,0.891665784,C10H13N5O3,8.91665784,4.45832892
Deoxyadenosine,220815_Poo_TruePooUCYNA_Full2,0.9479902209,C10H13N5O3,9.479902209,4.739951104
Deoxyadenosine,220815_Poo_TruePooUCYNA_Full3,0.9440920234,C10H13N5O3,9.440920234,4.720460117
Deoxyadenosine,220815_Smp_TrichoBloom_1,0.03848003131,C10H13N5O3,0.3848003131,0.1924001566
Deoxyadenosine,220815_Smp_TrichoBloom_2,0.03477093675,C10H13N5O3,0.3477093675,0.1738546838
Deoxyadenosine,220815_Smp_TrichoBloom_3,0.01650660127,C10H13N5O3,0.1650660127,0.08253300637
Deoxyadenosine,220815_Smp_UCYNAnew_1,0.8623347247,C10H13N5O3,8.623347247,4.311673624
Deoxyadenosine,220815_Smp_UCYNAnew_2,0.3753706877,C10H13N5O3,3.753706877,1.876853439
Deoxyadenosine,220815_Smp_UCYNAnew_3,0.6261232074,C10H13N5O3,6.261232074,3.130616037
Dimethylglycine,220815_Poo_TruePooUCYNA_Full1,0.004814108402,C4H9NO2,0.01925643361,0.004814108402
Dimethylglycine,220815_Poo_TruePooUCYNA_Full2,0.003556392286,C4H9NO2,0.01422556914,0.003556392286
Dimethylglycine,220815_Poo_TruePooUCYNA_Full3,0.00325150059,C4H9NO2,0.01300600236,0.00325150059
Dimethylglycine,220815_Smp_TrichoBloom_1,0.0009719389407,C4H9NO2,0.003887755763,0.0009719389407
Dimethylglycine,220815_Smp_TrichoBloom_2,0.004605843434,C4H9NO2,0.01842337374,0.004605843434
Dimethylglycine,220815_Smp_TrichoBloom_3,0.0001289655928,C4H9NO2,0.0005158623712,0.0001289655928
Dimethylglycine,220815_Smp_UCYNAnew_1,0.002896095901,C4H9NO2,0.0115843836,0.002896095901
Dimethylglycine,220815_Smp_UCYNAnew_2,0.001836146976,C4H9NO2,0.007344587903,0.001836146976
Dimethylglycine,220815_Smp_UCYNAnew_3,0.0000213404719,C4H9NO2,0.00008536188759,0.0000213404719
Dimethylsulfonioacetate,220815_Poo_TruePooUCYNA_Full1,0.009306405283,C4H9O2S,0.03722562113,NA
Dimethylsulfonioacetate,220815_Poo_TruePooUCYNA_Full2,0.008272232681,C4H9O2S,0.03308893072,NA
Dimethylsulfonioacetate,220815_Poo_TruePooUCYNA_Full3,0.009517726244,C4H9O2S,0.03807090498,NA
Dimethylsulfonioacetate,220815_Smp_TrichoBloom_1,NA,C4H9O2S,NA,NA
Dimethylsulfonioacetate,220815_Smp_TrichoBloom_2,NA,C4H9O2S,NA,NA
Dimethylsulfonioacetate,220815_Smp_TrichoBloom_3,NA,C4H9O2S,NA,NA
Dimethylsulfonioacetate,220815_Smp_UCYNAnew_1,0.01302727595,C4H9O2S,0.05210910379,NA
Dimethylsulfonioacetate,220815_Smp_UCYNAnew_2,0.01381705207,C4H9O2S,0.05526820826,NA
Dimethylsulfonioacetate,220815_Smp_UCYNAnew_3,0.01420366356,C4H9O2S,0.05681465422,NA
Dimethylsulfoniopropionate,220815_Poo_TruePooUCYNA_Full1,15.68660345,C5H10O2S,78.43301724,NA
Dimethylsulfoniopropionate,220815_Poo_TruePooUCYNA_Full2,14.76341096,C5H10O2S,73.8170548,NA
Dimethylsulfoniopropionate,220815_Poo_TruePooUCYNA_Full3,15.03576855,C5H10O2S,75.17884273,NA
Dimethylsulfoniopropionate,220815_Smp_TrichoBloom_1,1.625603337,C5H10O2S,8.128016684,NA
Dimethylsulfoniopropionate,220815_Smp_TrichoBloom_2,0.2472424987,C5H10O2S,1.236212494,NA
Dimethylsulfoniopropionate,220815_Smp_TrichoBloom_3,0.08727507383,C5H10O2S,0.4363753692,NA
Dimethylsulfoniopropionate,220815_Smp_UCYNAnew_1,12.13492397,C5H10O2S,60.67461983,NA
Dimethylsulfoniopropionate,220815_Smp_UCYNAnew_2,15.41645836,C5H10O2S,77.0822918,NA
Dimethylsulfoniopropionate,220815_Smp_UCYNAnew_3,15.1848875,C5H10O2S,75.92443749,NA
Ectoine,220815_Poo_TruePooUCYNA_Full1,0.003400534193,C6H10N2O2,0.02040320516,0.006801068386
Ectoine,220815_Poo_TruePooUCYNA_Full2,0.002432648115,C6H10N2O2,0.01459588869,0.00486529623
Ectoine,220815_Poo_TruePooUCYNA_Full3,0.001982677365,C6H10N2O2,0.01189606419,0.003965354729
Ectoine,220815_Smp_TrichoBloom_1,0.0004860831025,C6H10N2O2,0.002916498615,0.0009721662051
Ectoine,220815_Smp_TrichoBloom_2,NA,C6H10N2O2,NA,NA
Ectoine,220815_Smp_TrichoBloom_3,0.0002126774405,C6H10N2O2,0.001276064643,0.000425354881
Ectoine,220815_Smp_UCYNAnew_1,0.001233446787,C6H10N2O2,0.007400680722,0.002466893574
Ectoine,220815_Smp_UCYNAnew_2,0.00112008707,C6H10N2O2,0.006720522417,0.002240174139
Ectoine,220815_Smp_UCYNAnew_3,0.0007327981374,C6H10N2O2,0.004396788824,0.001465596275
Ergothioneine,220815_Poo_TruePooUCYNA_Full1,0.1720088615,C9H15N3O2S,1.548079754,0.5160265846
Ergothioneine,220815_Poo_TruePooUCYNA_Full2,0.2111932315,C9H15N3O2S,1.900739084,0.6335796946
Ergothioneine,220815_Poo_TruePooUCYNA_Full3,0.3508730819,C9H15N3O2S,3.157857737,1.052619246
Ergothioneine,220815_Smp_TrichoBloom_1,1.73791497,C9H15N3O2S,15.64123473,5.21374491
Ergothioneine,220815_Smp_TrichoBloom_2,0.8241463731,C9H15N3O2S,7.417317358,2.472439119
Ergothioneine,220815_Smp_TrichoBloom_3,0.076333738,C9H15N3O2S,0.687003642,0.229001214
Ergothioneine,220815_Smp_UCYNAnew_1,0.07626205738,C9H15N3O2S,0.6863585164,0.2287861721
Ergothioneine,220815_Smp_UCYNAnew_2,0.09553386857,C9H15N3O2S,0.8598048171,0.2866016057
Ergothioneine,220815_Smp_UCYNAnew_3,0.1168409795,C9H15N3O2S,1.051568816,0.3505229386
Ethanolamine,220815_Poo_TruePooUCYNA_Full1,1.017686282,C2H7NO,2.035372563,1.017686282
Ethanolamine,220815_Poo_TruePooUCYNA_Full2,1.180949747,C2H7NO,2.361899493,1.180949747
Ethanolamine,220815_Poo_TruePooUCYNA_Full3,1.4485666,C2H7NO,2.897133201,1.4485666
Ethanolamine,220815_Smp_TrichoBloom_1,1.009852386,C2H7NO,2.019704773,1.009852386
Ethanolamine,220815_Smp_TrichoBloom_2,0.9741998437,C2H7NO,1.948399687,0.9741998437
Ethanolamine,220815_Smp_TrichoBloom_3,0.6253063638,C2H7NO,1.250612728,0.6253063638
Ethanolamine,220815_Smp_UCYNAnew_1,1.407776959,C2H7NO,2.815553917,1.407776959
Ethanolamine,220815_Smp_UCYNAnew_2,1.629331397,C2H7NO,3.258662794,1.629331397
Ethanolamine,220815_Smp_UCYNAnew_3,1.562838814,C2H7NO,3.125677629,1.562838814
Glucosamine,220815_Poo_TruePooUCYNA_Full1,NA,C6H13NO5,NA,NA
Glucosamine,220815_Poo_TruePooUCYNA_Full2,NA,C6H13NO5,NA,NA
Glucosamine,220815_Poo_TruePooUCYNA_Full3,NA,C6H13NO5,NA,NA
Glucosamine,220815_Smp_TrichoBloom_1,NA,C6H13NO5,NA,NA
Glucosamine,220815_Smp_TrichoBloom_2,NA,C6H13NO5,NA,NA
Glucosamine,220815_Smp_TrichoBloom_3,NA,C6H13NO5,NA,NA
Glucosamine,220815_Smp_UCYNAnew_1,NA,C6H13NO5,NA,NA
Glucosamine,220815_Smp_UCYNAnew_2,NA,C6H13NO5,NA,NA
Glucosamine,220815_Smp_UCYNAnew_3,NA,C6H13NO5,NA,NA
Glutamylphenylalanine,220815_Poo_TruePooUCYNA_Full1,0.01077358035,C14H18N2O5,0.1508301248,0.02154716069
Glutamylphenylalanine,220815_Poo_TruePooUCYNA_Full2,0.01045892093,C14H18N2O5,0.146424893,0.02091784186
Glutamylphenylalanine,220815_Poo_TruePooUCYNA_Full3,0.007954603467,C14H18N2O5,0.1113644485,0.01590920693
Glutamylphenylalanine,220815_Smp_TrichoBloom_1,0.01520534095,C14H18N2O5,0.2128747732,0.03041068189
Glutamylphenylalanine,220815_Smp_TrichoBloom_2,0.005787251571,C14H18N2O5,0.081021522,0.01157450314
Glutamylphenylalanine,220815_Smp_TrichoBloom_3,0.001210652351,C14H18N2O5,0.01694913291,0.002421304702
Glutamylphenylalanine,220815_Smp_UCYNAnew_1,0.004050287028,C14H18N2O5,0.0567040184,0.008100574057
Glutamylphenylalanine,220815_Smp_UCYNAnew_2,0.004086059794,C14H18N2O5,0.05720483712,0.008172119588
Glutamylphenylalanine,220815_Smp_UCYNAnew_3,0.002178643606,C14H18N2O5,0.03050101048,0.004357287211
Glutathione,220815_Poo_TruePooUCYNA_Full1,-0.1086316607,C10H17N3O6S,-1.086316607,-0.325894982
Glutathione,220815_Poo_TruePooUCYNA_Full2,-0.1396674773,C10H17N3O6S,-1.396674773,-0.4190024318
Glutathione,220815_Poo_TruePooUCYNA_Full3,-0.1366093199,C10H17N3O6S,-1.366093199,-0.4098279597
Glutathione,220815_Smp_TrichoBloom_1,-1.051687147,C10H17N3O6S,-10.51687147,-3.155061441
Glutathione,220815_Smp_TrichoBloom_2,-0.6223799263,C10H17N3O6S,-6.223799263,-1.867139779
Glutathione,220815_Smp_TrichoBloom_3,-0.2396675122,C10H17N3O6S,-2.396675122,-0.7190025366
Glutathione,220815_Smp_UCYNAnew_1,-0.09996267973,C10H17N3O6S,-0.9996267973,-0.2998880392
Glutathione,220815_Smp_UCYNAnew_2,-0.1031882914,C10H17N3O6S,-1.031882914,-0.3095648743
Glutathione,220815_Smp_UCYNAnew_3,-0.1025547253,C10H17N3O6S,-1.025547253,-0.3076641758
Glutathione disulfide,220815_Poo_TruePooUCYNA_Full1,0.07931861799,C20H32N6O12S2,1.58637236,0.475911708
Glutathione disulfide,220815_Poo_TruePooUCYNA_Full2,0.1010135078,C20H32N6O12S2,2.020270157,0.6060810471
Glutathione disulfide,220815_Poo_TruePooUCYNA_Full3,0.09846862549,C20H32N6O12S2,1.96937251,0.5908117529
Glutathione disulfide,220815_Smp_TrichoBloom_1,0.5868559356,C20H32N6O12S2,11.73711871,3.521135614
Glutathione disulfide,220815_Smp_TrichoBloom_2,0.2330165055,C20H32N6O12S2,4.660330109,1.398099033
Glutathione disulfide,220815_Smp_TrichoBloom_3,0.03208228837,C20H32N6O12S2,0.6416457673,0.1924937302
Glutathione disulfide,220815_Smp_UCYNAnew_1,0.02322734097,C20H32N6O12S2,0.4645468193,0.1393640458
Glutathione disulfide,220815_Smp_UCYNAnew_2,0.05037726627,C20H32N6O12S2,1.007545325,0.3022635976
Glutathione disulfide,220815_Smp_UCYNAnew_3,0.04129492388,C20H32N6O12S2,0.8258984777,0.2477695433
Glycerophosphocholine,220815_Poo_TruePooUCYNA_Full1,0.02125525022,C8H21NO6P,0.1700420017,0.02125525022
Glycerophosphocholine,220815_Poo_TruePooUCYNA_Full2,0.01544137477,C8H21NO6P,0.1235309982,0.01544137477
Glycerophosphocholine,220815_Poo_TruePooUCYNA_Full3,0.01727232008,C8H21NO6P,0.1381785607,0.01727232008
Glycerophosphocholine,220815_Smp_TrichoBloom_1,0.2299532943,C8H21NO6P,1.839626355,0.2299532943
Glycerophosphocholine,220815_Smp_TrichoBloom_2,0.2201214355,C8H21NO6P,1.760971484,0.2201214355
Glycerophosphocholine,220815_Smp_TrichoBloom_3,0.1807811701,C8H21NO6P,1.446249361,0.1807811701
Glycerophosphocholine,220815_Smp_UCYNAnew_1,0.005686119775,C8H21NO6P,0.0454889582,0.005686119775
Glycerophosphocholine,220815_Smp_UCYNAnew_2,0.004137595179,C8H21NO6P,0.03310076143,0.004137595179
Glycerophosphocholine,220815_Smp_UCYNAnew_3,0.004061976173,C8H21NO6P,0.03249580939,0.004061976173
Glycine,220815_Poo_TruePooUCYNA_Full1,1.910570074,C2H5NO2,3.821140148,1.910570074
Glycine,220815_Poo_TruePooUCYNA_Full2,2.37219118,C2H5NO2,4.74438236,2.37219118
Glycine,220815_Poo_TruePooUCYNA_Full3,2.633014088,C2H5NO2,5.266028175,2.633014088
Glycine,220815_Smp_TrichoBloom_1,6.018583593,C2H5NO2,12.03716719,6.018583593
Glycine,220815_Smp_TrichoBloom_2,5.697729206,C2H5NO2,11.39545841,5.697729206
Glycine,220815_Smp_TrichoBloom_3,3.519829663,C2H5NO2,7.039659326,3.519829663
Glycine,220815_Smp_UCYNAnew_1,1.633432103,C2H5NO2,3.266864206,1.633432103
Glycine,220815_Smp_UCYNAnew_2,1.502859252,C2H5NO2,3.005718505,1.502859252
Glycine,220815_Smp_UCYNAnew_3,1.618618647,C2H5NO2,3.237237293,1.618618647
Glycine betaine,220815_Poo_TruePooUCYNA_Full1,0.01165282616,C5H11NO2,0.05826413079,0.01165282616
Glycine betaine,220815_Poo_TruePooUCYNA_Full2,0.01313424438,C5H11NO2,0.0656712219,0.01313424438
Glycine betaine,220815_Poo_TruePooUCYNA_Full3,0.01263632021,C5H11NO2,0.06318160103,0.01263632021
Glycine betaine,220815_Smp_TrichoBloom_1,0.07584525101,C5H11NO2,0.3792262551,0.07584525101
Glycine betaine,220815_Smp_TrichoBloom_2,0.00839384296,C5H11NO2,0.0419692148,0.00839384296
Glycine betaine,220815_Smp_TrichoBloom_3,0.0077623637,C5H11NO2,0.0388118185,0.0077623637
Glycine betaine,220815_Smp_UCYNAnew_1,0.009776027628,C5H11NO2,0.04888013814,0.009776027628
Glycine betaine,220815_Smp_UCYNAnew_2,0.01040765102,C5H11NO2,0.05203825509,0.01040765102
Glycine betaine,220815_Smp_UCYNAnew_3,0.009676319086,C5H11NO2,0.04838159543,0.009676319086
Gonyol,220815_Poo_TruePooUCYNA_Full1,3.603710944,C7H14O3S,25.22597661,NA
Gonyol,220815_Poo_TruePooUCYNA_Full2,3.526017247,C7H14O3S,24.68212073,NA
Gonyol,220815_Poo_TruePooUCYNA_Full3,3.168187756,C7H14O3S,22.17731429,NA
Gonyol,220815_Smp_TrichoBloom_1,0.2830359426,C7H14O3S,1.981251598,NA
Gonyol,220815_Smp_TrichoBloom_2,0.0972153148,C7H14O3S,0.6805072036,NA
Gonyol,220815_Smp_TrichoBloom_3,0.069646267,C7H14O3S,0.487523869,NA
Gonyol,220815_Smp_UCYNAnew_1,2.123736427,C7H14O3S,14.86615499,NA
Gonyol,220815_Smp_UCYNAnew_2,3.479461949,C7H14O3S,24.35623364,NA
Gonyol,220815_Smp_UCYNAnew_3,3.220398696,C7H14O3S,22.54279087,NA
Guanine,220815_Poo_TruePooUCYNA_Full1,0.4010057193,C5H5N5O,2.005028597,2.005028597
Guanine,220815_Poo_TruePooUCYNA_Full2,0.3169717711,C5H5N5O,1.584858855,1.584858855
Guanine,220815_Poo_TruePooUCYNA_Full3,0.2825152097,C5H5N5O,1.412576049,1.412576049
Guanine,220815_Smp_TrichoBloom_1,0.09301356878,C5H5N5O,0.4650678439,0.4650678439
Guanine,220815_Smp_TrichoBloom_2,0.1014573746,C5H5N5O,0.5072868731,0.5072868731
Guanine,220815_Smp_TrichoBloom_3,0.1752362813,C5H5N5O,0.8761814065,0.8761814065
Guanine,220815_Smp_UCYNAnew_1,0.3474583441,C5H5N5O,1.737291721,1.737291721
Guanine,220815_Smp_UCYNAnew_2,0.353864399,C5H5N5O,1.769321995,1.769321995
Guanine,220815_Smp_UCYNAnew_3,0.3375246534,C5H5N5O,1.687623267,1.687623267
Guanosine,220815_Poo_TruePooUCYNA_Full1,0.682605531,C10H13N5O5,6.82605531,3.413027655
Guanosine,220815_Poo_TruePooUCYNA_Full2,0.7735214151,C10H13N5O5,7.735214151,3.867607076
Guanosine,220815_Poo_TruePooUCYNA_Full3,0.7902817521,C10H13N5O5,7.902817521,3.951408761
Guanosine,220815_Smp_TrichoBloom_1,0.6707036957,C10H13N5O5,6.707036957,3.353518478
Guanosine,220815_Smp_TrichoBloom_2,0.7554744955,C10H13N5O5,7.554744955,3.777372478
Guanosine,220815_Smp_TrichoBloom_3,0.5659687672,C10H13N5O5,5.659687672,2.829843836
Guanosine,220815_Smp_UCYNAnew_1,0.7838255472,C10H13N5O5,7.838255472,3.919127736
Guanosine,220815_Smp_UCYNAnew_2,0.5949482908,C10H13N5O5,5.949482908,2.974741454
Guanosine,220815_Smp_UCYNAnew_3,0.6726397128,C10H13N5O5,6.726397128,3.363198564
Homarine,220815_Poo_TruePooUCYNA_Full1,83.9198541,C7H7NO2,587.4389787,83.9198541
Homarine,220815_Poo_TruePooUCYNA_Full2,83.84566323,C7H7NO2,586.9196426,83.84566323
Homarine,220815_Poo_TruePooUCYNA_Full3,85.51108538,C7H7NO2,598.5775977,85.51108538
Homarine,220815_Smp_TrichoBloom_1,1.484511808,C7H7NO2,10.39158266,1.484511808
Homarine,220815_Smp_TrichoBloom_2,1.196601647,C7H7NO2,8.376211531,1.196601647
Homarine,220815_Smp_TrichoBloom_3,0.5851293692,C7H7NO2,4.095905584,0.5851293692
Homarine,220815_Smp_UCYNAnew_1,64.93360781,C7H7NO2,454.5352547,64.93360781
Homarine,220815_Smp_UCYNAnew_2,94.97749217,C7H7NO2,664.8424452,94.97749217
Homarine,220815_Smp_UCYNAnew_3,93.96809332,C7H7NO2,657.7766532,93.96809332
Hordenine,220815_Poo_TruePooUCYNA_Full1,0.00004614596848,C10H15NO,0.0004614596848,0.00004614596848
Hordenine,220815_Poo_TruePooUCYNA_Full2,0.00002352085199,C10H15NO,0.0002352085199,0.00002352085199
Hordenine,220815_Poo_TruePooUCYNA_Full3,0.00002686568708,C10H15NO,0.0002686568708,0.00002686568708
Hordenine,220815_Smp_TrichoBloom_1,NA,C10H15NO,NA,NA
Hordenine,220815_Smp_TrichoBloom_2,0.0000375670334,C10H15NO,0.000375670334,0.0000375670334
Hordenine,220815_Smp_TrichoBloom_3,0.00008128799644,C10H15NO,0.0008128799644,0.00008128799644
Hordenine,220815_Smp_UCYNAnew_1,0.00006459854493,C10H15NO,0.0006459854493,0.00006459854493
Hordenine,220815_Smp_UCYNAnew_2,0.00007828614868,C10H15NO,0.0007828614868,0.00007828614868
Hordenine,220815_Smp_UCYNAnew_3,0.00009745021124,C10H15NO,0.0009745021124,0.00009745021124
Hydroxyisoleucine,220815_Poo_TruePooUCYNA_Full1,0.007029284828,C6H13NO3,0.04217570897,0.007029284828
Hydroxyisoleucine,220815_Poo_TruePooUCYNA_Full2,0.002897793448,C6H13NO3,0.01738676069,0.002897793448
Hydroxyisoleucine,220815_Poo_TruePooUCYNA_Full3,0.00665449092,C6H13NO3,0.03992694552,0.00665449092
Hydroxyisoleucine,220815_Smp_TrichoBloom_1,2.992458856,C6H13NO3,17.95475313,2.992458856
Hydroxyisoleucine,220815_Smp_TrichoBloom_2,1.397928978,C6H13NO3,8.38757387,1.397928978
Hydroxyisoleucine,220815_Smp_TrichoBloom_3,0.269337879,C6H13NO3,1.616027274,0.269337879
Hydroxyisoleucine,220815_Smp_UCYNAnew_1,0.01145113452,C6H13NO3,0.0687068071,0.01145113452
Hydroxyisoleucine,220815_Smp_UCYNAnew_2,0.01128604559,C6H13NO3,0.06771627355,0.01128604559
Hydroxyisoleucine,220815_Smp_UCYNAnew_3,0.01353749255,C6H13NO3,0.0812249553,0.01353749255
Hydroxyproline,220815_Poo_TruePooUCYNA_Full1,0.06971216396,C5H9NO3,0.3485608198,0.06971216396
Hydroxyproline,220815_Poo_TruePooUCYNA_Full2,0.07509649188,C5H9NO3,0.3754824594,0.07509649188
Hydroxyproline,220815_Poo_TruePooUCYNA_Full3,0.08668513888,C5H9NO3,0.4334256944,0.08668513888
Hydroxyproline,220815_Smp_TrichoBloom_1,NA,C5H9NO3,NA,NA
Hydroxyproline,220815_Smp_TrichoBloom_2,NA,C5H9NO3,NA,NA
Hydroxyproline,220815_Smp_TrichoBloom_3,0.0002619724258,C5H9NO3,0.001309862129,0.0002619724258
Hydroxyproline,220815_Smp_UCYNAnew_1,0.04033562481,C5H9NO3,0.201678124,0.04033562481
Hydroxyproline,220815_Smp_UCYNAnew_2,0.05173054132,C5H9NO3,0.2586527066,0.05173054132
Hydroxyproline,220815_Smp_UCYNAnew_3,0.04987159477,C5H9NO3,0.2493579739,0.04987159477
Hypotaurine,220815_Poo_TruePooUCYNA_Full1,0.2431720218,C2H7NO2S,0.4863440437,0.2431720218
Hypotaurine,220815_Poo_TruePooUCYNA_Full2,0.2735763405,C2H7NO2S,0.5471526811,0.2735763405
Hypotaurine,220815_Poo_TruePooUCYNA_Full3,0.2616661362,C2H7NO2S,0.5233322725,0.2616661362
Hypotaurine,220815_Smp_TrichoBloom_1,NA,C2H7NO2S,NA,NA
Hypotaurine,220815_Smp_TrichoBloom_2,NA,C2H7NO2S,NA,NA
Hypotaurine,220815_Smp_TrichoBloom_3,0.01793960025,C2H7NO2S,0.0358792005,0.01793960025
Hypotaurine,220815_Smp_UCYNAnew_1,0.2098193149,C2H7NO2S,0.4196386298,0.2098193149
Hypotaurine,220815_Smp_UCYNAnew_2,0.2291197356,C2H7NO2S,0.4582394711,0.2291197356
Hypotaurine,220815_Smp_UCYNAnew_3,0.2536202182,C2H7NO2S,0.5072404364,0.2536202182
Hypoxanthine,220815_Poo_TruePooUCYNA_Full1,1.198785493,C5H4N4O,5.993927464,4.795141971
Hypoxanthine,220815_Poo_TruePooUCYNA_Full2,1.117125462,C5H4N4O,5.58562731,4.468501848
Hypoxanthine,220815_Poo_TruePooUCYNA_Full3,1.142743368,C5H4N4O,5.713716841,4.570973473
Hypoxanthine,220815_Smp_TrichoBloom_1,0.4372010901,C5H4N4O,2.186005451,1.748804361
Hypoxanthine,220815_Smp_TrichoBloom_2,0.228608807,C5H4N4O,1.143044035,0.9144352279
Hypoxanthine,220815_Smp_TrichoBloom_3,0.1454854502,C5H4N4O,0.7274272511,0.5819418009
Hypoxanthine,220815_Smp_UCYNAnew_1,1.184527021,C5H4N4O,5.922635105,4.738108084
Hypoxanthine,220815_Smp_UCYNAnew_2,1.04393155,C5H4N4O,5.219657752,4.175726201
Hypoxanthine,220815_Smp_UCYNAnew_3,1.005442123,C5H4N4O,5.027210613,4.02176849
L-Alanine,220815_Poo_TruePooUCYNA_Full1,0.1842599542,C3H7NO2,0.5527798626,0.1842599542
L-Alanine,220815_Poo_TruePooUCYNA_Full2,0.2077772732,C3H7NO2,0.6233318197,0.2077772732
L-Alanine,220815_Poo_TruePooUCYNA_Full3,0.1932948785,C3H7NO2,0.5798846356,0.1932948785
L-Alanine,220815_Smp_TrichoBloom_1,0.04633213989,C3H7NO2,0.1389964197,0.04633213989
L-Alanine,220815_Smp_TrichoBloom_2,0.0739696694,C3H7NO2,0.2219090082,0.0739696694
L-Alanine,220815_Smp_TrichoBloom_3,0.03031071384,C3H7NO2,0.09093214153,0.03031071384
L-Alanine,220815_Smp_UCYNAnew_1,0.1922243873,C3H7NO2,0.5766731619,0.1922243873
L-Alanine,220815_Smp_UCYNAnew_2,0.2246828367,C3H7NO2,0.67404851,0.2246828367
L-Alanine,220815_Smp_UCYNAnew_3,0.1990807228,C3H7NO2,0.5972421685,0.1990807228
L-Arginine,220815_Poo_TruePooUCYNA_Full1,3.433756251,C6H14N4O2,20.60253751,13.73502501
L-Arginine,220815_Poo_TruePooUCYNA_Full2,3.381478507,C6H14N4O2,20.28887104,13.52591403
L-Arginine,220815_Poo_TruePooUCYNA_Full3,3.391413935,C6H14N4O2,20.34848361,13.56565574
L-Arginine,220815_Smp_TrichoBloom_1,6.457150353,C6H14N4O2,38.74290212,25.82860141
L-Arginine,220815_Smp_TrichoBloom_2,3.402861901,C6H14N4O2,20.41717141,13.61144761
L-Arginine,220815_Smp_TrichoBloom_3,0.9158217864,C6H14N4O2,5.494930718,3.663287145
L-Arginine,220815_Smp_UCYNAnew_1,1.674657853,C6H14N4O2,10.04794712,6.69863141
L-Arginine,220815_Smp_UCYNAnew_2,1.50768822,C6H14N4O2,9.046129321,6.03075288
L-Arginine,220815_Smp_UCYNAnew_3,1.551802644,C6H14N4O2,9.310815866,6.207210578
L-Arginosuccinic acid,220815_Poo_TruePooUCYNA_Full1,0.002429980724,C10H18N4O6,0.02429980724,0.009719922894
L-Arginosuccinic acid,220815_Poo_TruePooUCYNA_Full2,0.01057686681,C10H18N4O6,0.1057686681,0.04230746726
L-Arginosuccinic acid,220815_Poo_TruePooUCYNA_Full3,0.02522883219,C10H18N4O6,0.2522883219,0.1009153288
L-Arginosuccinic acid,220815_Smp_TrichoBloom_1,0.3741281608,C10H18N4O6,3.741281608,1.496512643
L-Arginosuccinic acid,220815_Smp_TrichoBloom_2,0.1433980467,C10H18N4O6,1.433980467,0.5735921869
L-Arginosuccinic acid,220815_Smp_TrichoBloom_3,0.03706099322,C10H18N4O6,0.3706099322,0.1482439729
L-Arginosuccinic acid,220815_Smp_UCYNAnew_1,0.00443512284,C10H18N4O6,0.0443512284,0.01774049136
L-Arginosuccinic acid,220815_Smp_UCYNAnew_2,0.002778255203,C10H18N4O6,0.02778255203,0.01111302081
L-Arginosuccinic acid,220815_Smp_UCYNAnew_3,0.006673590691,C10H18N4O6,0.06673590691,0.02669436277
L-Asparagine,220815_Poo_TruePooUCYNA_Full1,0.1062970048,C4H8N2O3,0.4251880192,0.2125940096
L-Asparagine,220815_Poo_TruePooUCYNA_Full2,0.09819461993,C4H8N2O3,0.3927784797,0.1963892399
L-Asparagine,220815_Poo_TruePooUCYNA_Full3,0.1099636815,C4H8N2O3,0.4398547262,0.2199273631
L-Asparagine,220815_Smp_TrichoBloom_1,1.067846542,C4H8N2O3,4.271386166,2.135693083
L-Asparagine,220815_Smp_TrichoBloom_2,0.4344011434,C4H8N2O3,1.737604574,0.8688022868
L-Asparagine,220815_Smp_TrichoBloom_3,0.0983819992,C4H8N2O3,0.3935279968,0.1967639984
L-Asparagine,220815_Smp_UCYNAnew_1,0.3564444037,C4H8N2O3,1.425777615,0.7128888073
L-Asparagine,220815_Smp_UCYNAnew_2,1.442215546,C4H8N2O3,5.768862183,2.884431091
L-Asparagine,220815_Smp_UCYNAnew_3,0.1249959444,C4H8N2O3,0.4999837778,0.2499918889
L-Aspartic acid,220815_Poo_TruePooUCYNA_Full1,6.998153319,C4H7NO4,27.99261327,6.998153319
L-Aspartic acid,220815_Poo_TruePooUCYNA_Full2,8.707317938,C4H7NO4,34.82927175,8.707317938
L-Aspartic acid,220815_Poo_TruePooUCYNA_Full3,11.30660429,C4H7NO4,45.22641714,11.30660429
L-Aspartic acid,220815_Smp_TrichoBloom_1,26.71107964,C4H7NO4,106.8443186,26.71107964
L-Aspartic acid,220815_Smp_TrichoBloom_2,14.54900571,C4H7NO4,58.19602283,14.54900571
L-Aspartic acid,220815_Smp_TrichoBloom_3,2.902681525,C4H7NO4,11.6107261,2.902681525
L-Aspartic acid,220815_Smp_UCYNAnew_1,4.821773123,C4H7NO4,19.28709249,4.821773123
L-Aspartic acid,220815_Smp_UCYNAnew_2,5.307834095,C4H7NO4,21.23133638,5.307834095
L-Aspartic acid,220815_Smp_UCYNAnew_3,8.40702238,C4H7NO4,33.62808952,8.40702238
L-Cystathionine,220815_Poo_TruePooUCYNA_Full1,0.01110062089,C7H14N2O4S,0.07770434622,0.02220124178
L-Cystathionine,220815_Poo_TruePooUCYNA_Full2,0.01700237549,C7H14N2O4S,0.1190166285,0.03400475099
L-Cystathionine,220815_Poo_TruePooUCYNA_Full3,0.02125318053,C7H14N2O4S,0.1487722637,0.04250636107
L-Cystathionine,220815_Smp_TrichoBloom_1,0.3356756966,C7H14N2O4S,2.349729876,0.6713513931
L-Cystathionine,220815_Smp_TrichoBloom_2,0.1955593485,C7H14N2O4S,1.368915439,0.391118697
L-Cystathionine,220815_Smp_TrichoBloom_3,0.04455447743,C7H14N2O4S,0.311881342,0.08910895487
L-Cystathionine,220815_Smp_UCYNAnew_1,0.01042765122,C7H14N2O4S,0.07299355855,0.02085530244
L-Cystathionine,220815_Smp_UCYNAnew_2,0.02447417038,C7H14N2O4S,0.1713191927,0.04894834076
L-Cystathionine,220815_Smp_UCYNAnew_3,0.02133257833,C7H14N2O4S,0.1493280483,0.04266515666
L-Cystine,220815_Poo_TruePooUCYNA_Full1,0.02821486253,C6H12N2O4S2,0.1692891752,0.05642972505
L-Cystine,220815_Poo_TruePooUCYNA_Full2,0.04658950865,C6H12N2O4S2,0.2795370519,0.09317901731
L-Cystine,220815_Poo_TruePooUCYNA_Full3,0.05920707795,C6H12N2O4S2,0.3552424677,0.1184141559
L-Cystine,220815_Smp_TrichoBloom_1,0.001213571793,C6H12N2O4S2,0.007281430758,0.002427143586
L-Cystine,220815_Smp_TrichoBloom_2,NA,C6H12N2O4S2,NA,NA
L-Cystine,220815_Smp_TrichoBloom_3,NA,C6H12N2O4S2,NA,NA
L-Cystine,220815_Smp_UCYNAnew_1,0.04306696574,C6H12N2O4S2,0.2584017945,0.08613393149
L-Cystine,220815_Smp_UCYNAnew_2,0.06545882135,C6H12N2O4S2,0.3927529281,0.1309176427
L-Cystine,220815_Smp_UCYNAnew_3,0.02717661352,C6H12N2O4S2,0.1630596811,0.05435322704
L-Glutamic acid,220815_Poo_TruePooUCYNA_Full1,-6.213953302,C5H9NO4,-31.06976651,-6.213953302
L-Glutamic acid,220815_Poo_TruePooUCYNA_Full2,-6.991045813,C5H9NO4,-34.95522906,-6.991045813
L-Glutamic acid,220815_Poo_TruePooUCYNA_Full3,-7.963924796,C5H9NO4,-39.81962398,-7.963924796
L-Glutamic acid,220815_Smp_TrichoBloom_1,-12.40700899,C5H9NO4,-62.03504494,-12.40700899
L-Glutamic acid,220815_Smp_TrichoBloom_2,-6.819356422,C5H9NO4,-34.09678211,-6.819356422
L-Glutamic acid,220815_Smp_TrichoBloom_3,-1.28751074,C5H9NO4,-6.437553701,-1.28751074
L-Glutamic acid,220815_Smp_UCYNAnew_1,-4.425370111,C5H9NO4,-22.12685056,-4.425370111
L-Glutamic acid,220815_Smp_UCYNAnew_2,-5.331907678,C5H9NO4,-26.65953839,-5.331907678
L-Glutamic acid,220815_Smp_UCYNAnew_3,-5.367927182,C5H9NO4,-26.83963591,-5.367927182
L-Glutamine,220815_Poo_TruePooUCYNA_Full1,7.459175251,C5H10N2O3,37.29587626,14.9183505
L-Glutamine,220815_Poo_TruePooUCYNA_Full2,7.796488605,C5H10N2O3,38.98244303,15.59297721
L-Glutamine,220815_Poo_TruePooUCYNA_Full3,9.354098662,C5H10N2O3,46.77049331,18.70819732
L-Glutamine,220815_Smp_TrichoBloom_1,3.423786033,C5H10N2O3,17.11893016,6.847572066
L-Glutamine,220815_Smp_TrichoBloom_2,1.911524005,C5H10N2O3,9.557620027,3.823048011
L-Glutamine,220815_Smp_TrichoBloom_3,0.5195648267,C5H10N2O3,2.597824133,1.039129653
L-Glutamine,220815_Smp_UCYNAnew_1,6.218567316,C5H10N2O3,31.09283658,12.43713463
L-Glutamine,220815_Smp_UCYNAnew_2,8.066107728,C5H10N2O3,40.33053864,16.13221546
L-Glutamine,220815_Smp_UCYNAnew_3,7.782006586,C5H10N2O3,38.91003293,15.56401317
L-Histidine,220815_Poo_TruePooUCYNA_Full1,0.4950743778,C6H9N3O2,2.970446267,1.485223133
L-Histidine,220815_Poo_TruePooUCYNA_Full2,0.4962013728,C6H9N3O2,2.977208237,1.488604118
L-Histidine,220815_Poo_TruePooUCYNA_Full3,0.5466597451,C6H9N3O2,3.27995847,1.639979235
L-Histidine,220815_Smp_TrichoBloom_1,0.05283430562,C6H9N3O2,0.3170058337,0.1585029169
L-Histidine,220815_Smp_TrichoBloom_2,0.03374286841,C6H9N3O2,0.2024572104,0.1012286052
L-Histidine,220815_Smp_TrichoBloom_3,0.05178491612,C6H9N3O2,0.3107094967,0.1553547484
L-Histidine,220815_Smp_UCYNAnew_1,0.4919305467,C6H9N3O2,2.95158328,1.47579164
L-Histidine,220815_Smp_UCYNAnew_2,0.3957150693,C6H9N3O2,2.374290416,1.187145208
L-Histidine,220815_Smp_UCYNAnew_3,0.4155800769,C6H9N3O2,2.493480461,1.246740231
L-Homoserine,220815_Poo_TruePooUCYNA_Full1,1.289266529,C4H9NO3,5.157066116,1.289266529
L-Homoserine,220815_Poo_TruePooUCYNA_Full2,1.313192475,C4H9NO3,5.252769899,1.313192475
L-Homoserine,220815_Poo_TruePooUCYNA_Full3,1.506511652,C4H9NO3,6.026046608,1.506511652
L-Homoserine,220815_Smp_TrichoBloom_1,0.04028570828,C4H9NO3,0.1611428331,0.04028570828
L-Homoserine,220815_Smp_TrichoBloom_2,0.03309738424,C4H9NO3,0.1323895369,0.03309738424
L-Homoserine,220815_Smp_TrichoBloom_3,0.004487773704,C4H9NO3,0.01795109482,0.004487773704
L-Homoserine,220815_Smp_UCYNAnew_1,0.610480881,C4H9NO3,2.441923524,0.610480881
L-Homoserine,220815_Smp_UCYNAnew_2,1.18845052,C4H9NO3,4.75380208,1.18845052
L-Homoserine,220815_Smp_UCYNAnew_3,1.246950407,C4H9NO3,4.987801626,1.246950407
L-Hydroxylysine,220815_Poo_TruePooUCYNA_Full1,NA,C6H14N2O3,NA,NA
L-Hydroxylysine,220815_Poo_TruePooUCYNA_Full2,NA,C6H14N2O3,NA,NA
L-Hydroxylysine,220815_Poo_TruePooUCYNA_Full3,NA,C6H14N2O3,NA,NA
L-Hydroxylysine,220815_Smp_TrichoBloom_1,NA,C6H14N2O3,NA,NA
L-Hydroxylysine,220815_Smp_TrichoBloom_2,NA,C6H14N2O3,NA,NA
L-Hydroxylysine,220815_Smp_TrichoBloom_3,NA,C6H14N2O3,NA,NA
L-Hydroxylysine,220815_Smp_UCYNAnew_1,NA,C6H14N2O3,NA,NA
L-Hydroxylysine,220815_Smp_UCYNAnew_2,NA,C6H14N2O3,NA,NA
L-Hydroxylysine,220815_Smp_UCYNAnew_3,NA,C6H14N2O3,NA,NA
L-Isoleucine,220815_Poo_TruePooUCYNA_Full1,1.600030323,C6H13NO2,9.600181939,1.600030323
L-Isoleucine,220815_Poo_TruePooUCYNA_Full2,1.574394805,C6H13NO2,9.446368832,1.574394805
L-Isoleucine,220815_Poo_TruePooUCYNA_Full3,1.680527375,C6H13NO2,10.08316425,1.680527375
L-Isoleucine,220815_Smp_TrichoBloom_1,2.455088566,C6H13NO2,14.73053139,2.455088566
L-Isoleucine,220815_Smp_TrichoBloom_2,1.277242118,C6H13NO2,7.663452711,1.277242118
L-Isoleucine,220815_Smp_TrichoBloom_3,0.3807554191,C6H13NO2,2.284532515,0.3807554191
L-Isoleucine,220815_Smp_UCYNAnew_1,1.655323426,C6H13NO2,9.931940559,1.655323426
L-Isoleucine,220815_Smp_UCYNAnew_2,1.560262552,C6H13NO2,9.361575314,1.560262552
L-Isoleucine,220815_Smp_UCYNAnew_3,1.45531441,C6H13NO2,8.731886463,1.45531441
L-Leucine,220815_Poo_TruePooUCYNA_Full1,1.566264929,C6H13NO2,9.397589573,1.566264929
L-Leucine,220815_Poo_TruePooUCYNA_Full2,1.552629531,C6H13NO2,9.315777188,1.552629531
L-Leucine,220815_Poo_TruePooUCYNA_Full3,1.658158431,C6H13NO2,9.948950589,1.658158431
L-Leucine,220815_Smp_TrichoBloom_1,2.529534271,C6H13NO2,15.17720563,2.529534271
L-Leucine,220815_Smp_TrichoBloom_2,1.266020466,C6H13NO2,7.596122797,1.266020466
L-Leucine,220815_Smp_TrichoBloom_3,0.3600773883,C6H13NO2,2.16046433,0.3600773883
L-Leucine,220815_Smp_UCYNAnew_1,1.641237298,C6H13NO2,9.847423789,1.641237298
L-Leucine,220815_Smp_UCYNAnew_2,1.522882569,C6H13NO2,9.137295413,1.522882569
L-Leucine,220815_Smp_UCYNAnew_3,1.441456032,C6H13NO2,8.648736191,1.441456032
L-Lysine,220815_Poo_TruePooUCYNA_Full1,12.86117741,C6H14N2O2,77.16706443,25.72235481
L-Lysine,220815_Poo_TruePooUCYNA_Full2,9.706699194,C6H14N2O2,58.24019516,19.41339839
L-Lysine,220815_Poo_TruePooUCYNA_Full3,10.17340472,C6H14N2O2,61.04042833,20.34680944
L-Lysine,220815_Smp_TrichoBloom_1,9.394397917,C6H14N2O2,56.3663875,18.78879583
L-Lysine,220815_Smp_TrichoBloom_2,4.28892289,C6H14N2O2,25.73353734,8.57784578
L-Lysine,220815_Smp_TrichoBloom_3,0.8659636447,C6H14N2O2,5.195781868,1.731927289
L-Lysine,220815_Smp_UCYNAnew_1,6.543178814,C6H14N2O2,39.25907289,13.08635763
L-Lysine,220815_Smp_UCYNAnew_2,7.189819026,C6H14N2O2,43.13891415,14.37963805
L-Lysine,220815_Smp_UCYNAnew_3,6.982484547,C6H14N2O2,41.89490728,13.96496909
L-Methionine,220815_Poo_TruePooUCYNA_Full1,1.135798954,C5H11NO2S,5.678994772,1.135798954
L-Methionine,220815_Poo_TruePooUCYNA_Full2,1.066162095,C5H11NO2S,5.330810474,1.066162095
L-Methionine,220815_Poo_TruePooUCYNA_Full3,1.129863129,C5H11NO2S,5.649315645,1.129863129
L-Methionine,220815_Smp_TrichoBloom_1,0.5748722829,C5H11NO2S,2.874361415,0.5748722829
L-Methionine,220815_Smp_TrichoBloom_2,0.3417887986,C5H11NO2S,1.708943993,0.3417887986
L-Methionine,220815_Smp_TrichoBloom_3,0.1059405571,C5H11NO2S,0.5297027856,0.1059405571
L-Methionine,220815_Smp_UCYNAnew_1,1.095458255,C5H11NO2S,5.477291276,1.095458255
L-Methionine,220815_Smp_UCYNAnew_2,1.069296874,C5H11NO2S,5.346484369,1.069296874
L-Methionine,220815_Smp_UCYNAnew_3,0.9264546169,C5H11NO2S,4.632273085,0.9264546169
L-Methionine S-oxide,220815_Poo_TruePooUCYNA_Full1,0.03362489301,C5H11NO3S,0.168124465,0.03362489301
L-Methionine S-oxide,220815_Poo_TruePooUCYNA_Full2,0.0388223628,C5H11NO3S,0.194111814,0.0388223628
L-Methionine S-oxide,220815_Poo_TruePooUCYNA_Full3,0.0382100943,C5H11NO3S,0.1910504715,0.0382100943
L-Methionine S-oxide,220815_Smp_TrichoBloom_1,0.01563086342,C5H11NO3S,0.07815431709,0.01563086342
L-Methionine S-oxide,220815_Smp_TrichoBloom_2,0.05084732416,C5H11NO3S,0.2542366208,0.05084732416
L-Methionine S-oxide,220815_Smp_TrichoBloom_3,0.03458834583,C5H11NO3S,0.1729417291,0.03458834583
L-Methionine S-oxide,220815_Smp_UCYNAnew_1,0.05863966978,C5H11NO3S,0.2931983489,0.05863966978
L-Methionine S-oxide,220815_Smp_UCYNAnew_2,0.04500708351,C5H11NO3S,0.2250354176,0.04500708351
L-Methionine S-oxide,220815_Smp_UCYNAnew_3,0.04363338972,C5H11NO3S,0.2181669486,0.04363338972
L-Ornithine,220815_Poo_TruePooUCYNA_Full1,0.1556590116,C5H12N2O2,0.7782950582,0.3113180233
L-Ornithine,220815_Poo_TruePooUCYNA_Full2,0.1972443829,C5H12N2O2,0.9862219143,0.3944887657
L-Ornithine,220815_Poo_TruePooUCYNA_Full3,0.2158063725,C5H12N2O2,1.079031862,0.4316127449
L-Ornithine,220815_Smp_TrichoBloom_1,2.639337841,C5H12N2O2,13.1966892,5.278675681
L-Ornithine,220815_Smp_TrichoBloom_2,1.255943913,C5H12N2O2,6.279719565,2.511887826
L-Ornithine,220815_Smp_TrichoBloom_3,0.1956737021,C5H12N2O2,0.9783685104,0.3913474042
L-Ornithine,220815_Smp_UCYNAnew_1,0.1350911737,C5H12N2O2,0.6754558685,0.2701823474
L-Ornithine,220815_Smp_UCYNAnew_2,0.1104613068,C5H12N2O2,0.5523065342,0.2209226137
L-Ornithine,220815_Smp_UCYNAnew_3,0.1209692312,C5H12N2O2,0.6048461562,0.2419384625
L-Proline,220815_Poo_TruePooUCYNA_Full1,1.872540873,C5H9NO2,9.362704365,1.872540873
L-Proline,220815_Poo_TruePooUCYNA_Full2,2.075761803,C5H9NO2,10.37880902,2.075761803
L-Proline,220815_Poo_TruePooUCYNA_Full3,2.05259569,C5H9NO2,10.26297845,2.05259569
L-Proline,220815_Smp_TrichoBloom_1,0.9664555021,C5H9NO2,4.832277511,0.9664555021
L-Proline,220815_Smp_TrichoBloom_2,0.5097621395,C5H9NO2,2.548810697,0.5097621395
L-Proline,220815_Smp_TrichoBloom_3,0.520323298,C5H9NO2,2.60161649,0.520323298
L-Proline,220815_Smp_UCYNAnew_1,3.124278503,C5H9NO2,15.62139252,3.124278503
L-Proline,220815_Smp_UCYNAnew_2,3.349962689,C5H9NO2,16.74981344,3.349962689
L-Proline,220815_Smp_UCYNAnew_3,3.088491429,C5H9NO2,15.44245715,3.088491429
L-Serine,220815_Poo_TruePooUCYNA_Full1,1.566767463,C3H7NO3,4.70030239,1.566767463
L-Serine,220815_Poo_TruePooUCYNA_Full2,1.719867164,C3H7NO3,5.159601493,1.719867164
L-Serine,220815_Poo_TruePooUCYNA_Full3,1.928486789,C3H7NO3,5.785460367,1.928486789
L-Serine,220815_Smp_TrichoBloom_1,0.6707169402,C3H7NO3,2.012150821,0.6707169402
L-Serine,220815_Smp_TrichoBloom_2,0.4822534018,C3H7NO3,1.446760205,0.4822534018
L-Serine,220815_Smp_TrichoBloom_3,0.2530437065,C3H7NO3,0.7591311194,0.2530437065
L-Serine,220815_Smp_UCYNAnew_1,1.350681151,C3H7NO3,4.052043454,1.350681151
L-Serine,220815_Smp_UCYNAnew_2,1.236193789,C3H7NO3,3.708581368,1.236193789
L-Serine,220815_Smp_UCYNAnew_3,1.358879056,C3H7NO3,4.076637168,1.358879056
L-Threonine,220815_Poo_TruePooUCYNA_Full1,1.658267837,C4H9NO3,6.633071348,1.658267837
L-Threonine,220815_Poo_TruePooUCYNA_Full2,2.135710641,C4H9NO3,8.542842562,2.135710641
L-Threonine,220815_Poo_TruePooUCYNA_Full3,2.202383216,C4H9NO3,8.809532863,2.202383216
L-Threonine,220815_Smp_TrichoBloom_1,5.900718823,C4H9NO3,23.60287529,5.900718823
L-Threonine,220815_Smp_TrichoBloom_2,3.95266538,C4H9NO3,15.81066152,3.95266538
L-Threonine,220815_Smp_TrichoBloom_3,1.028473153,C4H9NO3,4.113892612,1.028473153
L-Threonine,220815_Smp_UCYNAnew_1,2.241579025,C4H9NO3,8.966316099,2.241579025
L-Threonine,220815_Smp_UCYNAnew_2,2.313989044,C4H9NO3,9.255956178,2.313989044
L-Threonine,220815_Smp_UCYNAnew_3,2.49442109,C4H9NO3,9.977684359,2.49442109
L-Tyrosine,220815_Poo_TruePooUCYNA_Full1,0.7234106078,C9H11NO3,6.51069547,0.7234106078
L-Tyrosine,220815_Poo_TruePooUCYNA_Full2,0.7679413873,C9H11NO3,6.911472486,0.7679413873
L-Tyrosine,220815_Poo_TruePooUCYNA_Full3,0.7732649909,C9H11NO3,6.959384918,0.7732649909
L-Tyrosine,220815_Smp_TrichoBloom_1,0.8285162695,C9H11NO3,7.456646426,0.8285162695
L-Tyrosine,220815_Smp_TrichoBloom_2,0.6016503212,C9H11NO3,5.414852891,0.6016503212
L-Tyrosine,220815_Smp_TrichoBloom_3,0.1784550012,C9H11NO3,1.606095011,0.1784550012
L-Tyrosine,220815_Smp_UCYNAnew_1,0.7890914906,C9H11NO3,7.101823416,0.7890914906
L-Tyrosine,220815_Smp_UCYNAnew_2,0.8388016438,C9H11NO3,7.549214794,0.8388016438
L-Tyrosine,220815_Smp_UCYNAnew_3,0.8325451312,C9H11NO3,7.492906181,0.8325451312
L-Valine,220815_Poo_TruePooUCYNA_Full1,0.5041397784,C5H11NO2,2.520698892,0.5041397784
L-Valine,220815_Poo_TruePooUCYNA_Full2,0.5287243004,C5H11NO2,2.643621502,0.5287243004
L-Valine,220815_Poo_TruePooUCYNA_Full3,0.6580084918,C5H11NO2,3.290042459,0.6580084918
L-Valine,220815_Smp_TrichoBloom_1,0.8473921438,C5H11NO2,4.236960719,0.8473921438
L-Valine,220815_Smp_TrichoBloom_2,0.6582712562,C5H11NO2,3.291356281,0.6582712562
L-Valine,220815_Smp_TrichoBloom_3,0.4035433842,C5H11NO2,2.017716921,0.4035433842
L-Valine,220815_Smp_UCYNAnew_1,0.610675723,C5H11NO2,3.053378615,0.610675723
L-Valine,220815_Smp_UCYNAnew_2,0.5031831696,C5H11NO2,2.515915848,0.5031831696
L-Valine,220815_Smp_UCYNAnew_3,0.4553096728,C5H11NO2,2.276548364,0.4553096728
Melamine,220815_Poo_TruePooUCYNA_Full1,0.005009087508,C3H6N6,0.01502726252,0.03005452505
Melamine,220815_Poo_TruePooUCYNA_Full2,0.003947656432,C3H6N6,0.0118429693,0.02368593859
Melamine,220815_Poo_TruePooUCYNA_Full3,0.003241224626,C3H6N6,0.009723673877,0.01944734775
Melamine,220815_Smp_TrichoBloom_1,0.004188978187,C3H6N6,0.01256693456,0.02513386912
Melamine,220815_Smp_TrichoBloom_2,0.005555401257,C3H6N6,0.01666620377,0.03333240754
Melamine,220815_Smp_TrichoBloom_3,0.001893038738,C3H6N6,0.005679116214,0.01135823243
Melamine,220815_Smp_UCYNAnew_1,0.00551351355,C3H6N6,0.01654054065,0.0330810813
Melamine,220815_Smp_UCYNAnew_2,0.002851684011,C3H6N6,0.008555052034,0.01711010407
Melamine,220815_Smp_UCYNAnew_3,0.001526023578,C3H6N6,0.004578070733,0.009156141466
Muramic acid,220815_Poo_TruePooUCYNA_Full1,-4.33432513,C9H17NO7,-39.00892617,-4.33432513
Muramic acid,220815_Poo_TruePooUCYNA_Full2,-4.248588836,C9H17NO7,-38.23729953,-4.248588836
Muramic acid,220815_Poo_TruePooUCYNA_Full3,-3.802902795,C9H17NO7,-34.22612516,-3.802902795
Muramic acid,220815_Smp_TrichoBloom_1,-1.724055033,C9H17NO7,-15.5164953,-1.724055033
Muramic acid,220815_Smp_TrichoBloom_2,-0.8506767233,C9H17NO7,-7.65609051,-0.8506767233
Muramic acid,220815_Smp_TrichoBloom_3,-0.01188585131,C9H17NO7,-0.1069726618,-0.01188585131
Muramic acid,220815_Smp_UCYNAnew_1,-1.268541204,C9H17NO7,-11.41687084,-1.268541204
Muramic acid,220815_Smp_UCYNAnew_2,-2.181405499,C9H17NO7,-19.63264949,-2.181405499
Muramic acid,220815_Smp_UCYNAnew_3,-1.892543279,C9H17NO7,-17.03288951,-1.892543279
N-Acetyl-D-glucosamine,220815_Poo_TruePooUCYNA_Full1,0.008766460439,C8H15NO6,0.07013168351,0.008766460439
N-Acetyl-D-glucosamine,220815_Poo_TruePooUCYNA_Full2,0.01169648964,C8H15NO6,0.09357191713,0.01169648964
N-Acetyl-D-glucosamine,220815_Poo_TruePooUCYNA_Full3,0.01772989107,C8H15NO6,0.1418391286,0.01772989107
N-Acetyl-D-glucosamine,220815_Smp_TrichoBloom_1,0.08911121177,C8H15NO6,0.7128896942,0.08911121177
N-Acetyl-D-glucosamine,220815_Smp_TrichoBloom_2,0.4470516847,C8H15NO6,3.576413477,0.4470516847
N-Acetyl-D-glucosamine,220815_Smp_TrichoBloom_3,0.2122929166,C8H15NO6,1.698343333,0.2122929166
N-Acetyl-D-glucosamine,220815_Smp_UCYNAnew_1,0.0255782755,C8H15NO6,0.204626204,0.0255782755
N-Acetyl-D-glucosamine,220815_Smp_UCYNAnew_2,0.01394968866,C8H15NO6,0.1115975093,0.01394968866
N-Acetyl-D-glucosamine,220815_Smp_UCYNAnew_3,0.0106425791,C8H15NO6,0.08514063281,0.0106425791
N-Acetylmuramic acid,220815_Poo_TruePooUCYNA_Full1,0.01366875223,C11H19NO8,0.1503562745,0.01366875223
N-Acetylmuramic acid,220815_Poo_TruePooUCYNA_Full2,0.0146140847,C11H19NO8,0.1607549317,0.0146140847
N-Acetylmuramic acid,220815_Poo_TruePooUCYNA_Full3,0.01522355825,C11H19NO8,0.1674591408,0.01522355825
N-Acetylmuramic acid,220815_Smp_TrichoBloom_1,0.3563726857,C11H19NO8,3.920099543,0.3563726857
N-Acetylmuramic acid,220815_Smp_TrichoBloom_2,0.2180469772,C11H19NO8,2.39851675,0.2180469772
N-Acetylmuramic acid,220815_Smp_TrichoBloom_3,0.2186865363,C11H19NO8,2.405551899,0.2186865363
N-Acetylmuramic acid,220815_Smp_UCYNAnew_1,0.003620144338,C11H19NO8,0.03982158772,0.003620144338
N-Acetylmuramic acid,220815_Smp_UCYNAnew_2,0.002769272546,C11H19NO8,0.030461998,0.002769272546
N-Acetylmuramic acid,220815_Smp_UCYNAnew_3,0.002153268183,C11H19NO8,0.02368595001,0.002153268183
N6-Acetyl-L-lysine,220815_Poo_TruePooUCYNA_Full1,6.597620749,C8H16N2O3,52.78096599,13.1952415
N6-Acetyl-L-lysine,220815_Poo_TruePooUCYNA_Full2,6.362123929,C8H16N2O3,50.89699143,12.72424786
N6-Acetyl-L-lysine,220815_Poo_TruePooUCYNA_Full3,6.504518423,C8H16N2O3,52.03614738,13.00903685
N6-Acetyl-L-lysine,220815_Smp_TrichoBloom_1,0.05259108321,C8H16N2O3,0.4207286656,0.1051821664
N6-Acetyl-L-lysine,220815_Smp_TrichoBloom_2,0.04273350363,C8H16N2O3,0.341868029,0.08546700725
N6-Acetyl-L-lysine,220815_Smp_TrichoBloom_3,0.02676922719,C8H16N2O3,0.2141538175,0.05353845438
N6-Acetyl-L-lysine,220815_Smp_UCYNAnew_1,0.00608660507,C8H16N2O3,0.04869284056,0.01217321014
N6-Acetyl-L-lysine,220815_Smp_UCYNAnew_2,0.008667138647,C8H16N2O3,0.06933710917,0.01733427729
N6-Acetyl-L-lysine,220815_Smp_UCYNAnew_3,0.007763708391,C8H16N2O3,0.06210966713,0.01552741678
N6-Methyladenine,220815_Poo_TruePooUCYNA_Full1,0.0007085307329,C6H7N5,0.004251184397,0.003542653664
N6-Methyladenine,220815_Poo_TruePooUCYNA_Full2,0.0006084064633,C6H7N5,0.00365043878,0.003042032317
N6-Methyladenine,220815_Poo_TruePooUCYNA_Full3,0.0007273745422,C6H7N5,0.004364247253,0.003636872711
N6-Methyladenine,220815_Smp_TrichoBloom_1,0.00003344924115,C6H7N5,0.0002006954469,0.0001672462058
N6-Methyladenine,220815_Smp_TrichoBloom_2,0.00001492249485,C6H7N5,0.00008953496909,0.00007461247424
N6-Methyladenine,220815_Smp_TrichoBloom_3,0.00003066029457,C6H7N5,0.0001839617674,0.0001533014728
N6-Methyladenine,220815_Smp_UCYNAnew_1,0.001007897395,C6H7N5,0.006047384369,0.005039486974
N6-Methyladenine,220815_Smp_UCYNAnew_2,0.000796822211,C6H7N5,0.004780933266,0.003984111055
N6-Methyladenine,220815_Smp_UCYNAnew_3,0.0005106514094,C6H7N5,0.003063908456,0.002553257047
"N6,N6,N6-Trimethyl-L-lysine",220815_Poo_TruePooUCYNA_Full1,0.0206757015,C9H20N2O2,0.1860813135,0.041351403
"N6,N6,N6-Trimethyl-L-lysine",220815_Poo_TruePooUCYNA_Full2,0.02894161515,C9H20N2O2,0.2604745364,0.0578832303
"N6,N6,N6-Trimethyl-L-lysine",220815_Poo_TruePooUCYNA_Full3,0.04539177541,C9H20N2O2,0.4085259787,0.09078355082
"N6,N6,N6-Trimethyl-L-lysine",220815_Smp_TrichoBloom_1,0.3841927786,C9H20N2O2,3.457735008,0.7683855573
"N6,N6,N6-Trimethyl-L-lysine",220815_Smp_TrichoBloom_2,0.1909988034,C9H20N2O2,1.718989231,0.3819976069
"N6,N6,N6-Trimethyl-L-lysine",220815_Smp_TrichoBloom_3,0.02342011795,C9H20N2O2,0.2107810615,0.0468402359
"N6,N6,N6-Trimethyl-L-lysine",220815_Smp_UCYNAnew_1,0.01978127304,C9H20N2O2,0.1780314574,0.03956254608
"N6,N6,N6-Trimethyl-L-lysine",220815_Smp_UCYNAnew_2,0.02371432884,C9H20N2O2,0.2134289596,0.04742865768
"N6,N6,N6-Trimethyl-L-lysine",220815_Smp_UCYNAnew_3,0.01908917378,C9H20N2O2,0.171802564,0.03817834756
O-Acetyl-L-serine,220815_Poo_TruePooUCYNA_Full1,-6.455547262,C5H9NO4,-32.27773631,-6.455547262
O-Acetyl-L-serine,220815_Poo_TruePooUCYNA_Full2,-7.297491476,C5H9NO4,-36.48745738,-7.297491476
O-Acetyl-L-serine,220815_Poo_TruePooUCYNA_Full3,-8.401913255,C5H9NO4,-42.00956627,-8.401913255
O-Acetyl-L-serine,220815_Smp_TrichoBloom_1,-12.62119425,C5H9NO4,-63.10597124,-12.62119425
O-Acetyl-L-serine,220815_Smp_TrichoBloom_2,-6.91534438,C5H9NO4,-34.5767219,-6.91534438
O-Acetyl-L-serine,220815_Smp_TrichoBloom_3,-1.305463696,C5H9NO4,-6.527318478,-1.305463696
O-Acetyl-L-serine,220815_Smp_UCYNAnew_1,-4.545602944,C5H9NO4,-22.72801472,-4.545602944
O-Acetyl-L-serine,220815_Smp_UCYNAnew_2,-5.296801345,C5H9NO4,-26.48400672,-5.296801345
O-Acetyl-L-serine,220815_Smp_UCYNAnew_3,-5.441542105,C5H9NO4,-27.20771052,-5.441542105
O-Acetylcarnitine,220815_Poo_TruePooUCYNA_Full1,0.0008790709168,C9H17NO4,0.007911638251,0.0008790709168
O-Acetylcarnitine,220815_Poo_TruePooUCYNA_Full2,0.0008958700004,C9H17NO4,0.008062830004,0.0008958700004
O-Acetylcarnitine,220815_Poo_TruePooUCYNA_Full3,0.0009258674938,C9H17NO4,0.008332807445,0.0009258674938
O-Acetylcarnitine,220815_Smp_TrichoBloom_1,0.0001866422314,C9H17NO4,0.001679780083,0.0001866422314
O-Acetylcarnitine,220815_Smp_TrichoBloom_2,0.00003499635128,C9H17NO4,0.0003149671615,0.00003499635128
O-Acetylcarnitine,220815_Smp_TrichoBloom_3,0.00006297196563,C9H17NO4,0.0005667476907,0.00006297196563
O-Acetylcarnitine,220815_Smp_UCYNAnew_1,0.00063380716,C9H17NO4,0.00570426444,0.00063380716
O-Acetylcarnitine,220815_Smp_UCYNAnew_2,0.0008988599462,C9H17NO4,0.008089739516,0.0008988599462
O-Acetylcarnitine,220815_Smp_UCYNAnew_3,0.0009907283563,C9H17NO4,0.008916555206,0.0009907283563
O-Propionylcarnitine,220815_Poo_TruePooUCYNA_Full1,0.0002748456006,C10H19NO4,0.002748456006,0.0002748456006
O-Propionylcarnitine,220815_Poo_TruePooUCYNA_Full2,0.0002481381757,C10H19NO4,0.002481381757,0.0002481381757
O-Propionylcarnitine,220815_Poo_TruePooUCYNA_Full3,0.0002654528944,C10H19NO4,0.002654528944,0.0002654528944
O-Propionylcarnitine,220815_Smp_TrichoBloom_1,0.00001595596445,C10H19NO4,0.0001595596445,0.00001595596445
O-Propionylcarnitine,220815_Smp_TrichoBloom_2,0.00002975180891,C10H19NO4,0.0002975180891,0.00002975180891
O-Propionylcarnitine,220815_Smp_TrichoBloom_3,0.00005805857475,C10H19NO4,0.0005805857475,0.00005805857475
O-Propionylcarnitine,220815_Smp_UCYNAnew_1,0.00009575902965,C10H19NO4,0.0009575902965,0.00009575902965
O-Propionylcarnitine,220815_Smp_UCYNAnew_2,0.00009888685234,C10H19NO4,0.0009888685234,0.00009888685234
O-Propionylcarnitine,220815_Smp_UCYNAnew_3,0.0001075433517,C10H19NO4,0.001075433517,0.0001075433517
Ophthalmic acid,220815_Poo_TruePooUCYNA_Full1,0.007578219721,C11H19N3O6,0.08336041693,0.02273465916
Ophthalmic acid,220815_Poo_TruePooUCYNA_Full2,0.01376048172,C11H19N3O6,0.1513652989,0.04128144516
Ophthalmic acid,220815_Poo_TruePooUCYNA_Full3,0.01169109667,C11H19N3O6,0.1286020634,0.03507329001
Ophthalmic acid,220815_Smp_TrichoBloom_1,0.1807322119,C11H19N3O6,1.988054331,0.5421966357
Ophthalmic acid,220815_Smp_TrichoBloom_2,0.1042988044,C11H19N3O6,1.147286848,0.3128964131
Ophthalmic acid,220815_Smp_TrichoBloom_3,0.01549884718,C11H19N3O6,0.1704873189,0.04649654153
Ophthalmic acid,220815_Smp_UCYNAnew_1,0.005618982219,C11H19N3O6,0.06180880441,0.01685694666
Ophthalmic acid,220815_Smp_UCYNAnew_2,0.002883736164,C11H19N3O6,0.03172109781,0.008651208493
Ophthalmic acid,220815_Smp_UCYNAnew_3,0.002088058085,C11H19N3O6,0.02296863894,0.006264174256
Phosphocholine,220815_Poo_TruePooUCYNA_Full1,0.00807899419,C5H15NO4P,0.04039497095,0.00807899419
Phosphocholine,220815_Poo_TruePooUCYNA_Full2,0.00754182783,C5H15NO4P,0.03770913915,0.00754182783
Phosphocholine,220815_Poo_TruePooUCYNA_Full3,0.007251997517,C5H15NO4P,0.03625998758,0.007251997517
Phosphocholine,220815_Smp_TrichoBloom_1,0.1728076099,C5H15NO4P,0.8640380494,0.1728076099
Phosphocholine,220815_Smp_TrichoBloom_2,0.05204968852,C5H15NO4P,0.2602484426,0.05204968852
Phosphocholine,220815_Smp_TrichoBloom_3,0.01642045876,C5H15NO4P,0.08210229379,0.01642045876
Phosphocholine,220815_Smp_UCYNAnew_1,0.00532987836,C5H15NO4P,0.0266493918,0.00532987836
Phosphocholine,220815_Smp_UCYNAnew_2,0.00389237614,C5H15NO4P,0.0194618807,0.00389237614
Phosphocholine,220815_Smp_UCYNAnew_3,0.003205932164,C5H15NO4P,0.01602966082,0.003205932164
Pipecolic acid,220815_Poo_TruePooUCYNA_Full1,0.01443774221,C6H11NO2,0.08662645324,0.01443774221
Pipecolic acid,220815_Poo_TruePooUCYNA_Full2,0.01255155772,C6H11NO2,0.07530934633,0.01255155772
Pipecolic acid,220815_Poo_TruePooUCYNA_Full3,0.02608339783,C6H11NO2,0.156500387,0.02608339783
Pipecolic acid,220815_Smp_TrichoBloom_1,0.2876469415,C6H11NO2,1.725881649,0.2876469415
Pipecolic acid,220815_Smp_TrichoBloom_2,0.002227476899,C6H11NO2,0.01336486139,0.002227476899
Pipecolic acid,220815_Smp_TrichoBloom_3,0.01880093102,C6H11NO2,0.1128055861,0.01880093102
Pipecolic acid,220815_Smp_UCYNAnew_1,0.007914225563,C6H11NO2,0.04748535338,0.007914225563
Pipecolic acid,220815_Smp_UCYNAnew_2,0.005606651859,C6H11NO2,0.03363991116,0.005606651859
Pipecolic acid,220815_Smp_UCYNAnew_3,0.01250665219,C6H11NO2,0.07503991314,0.01250665219
Proline betaine,220815_Poo_TruePooUCYNA_Full1,0.005207528755,C7H13NO2,0.03645270129,0.005207528755
Proline betaine,220815_Poo_TruePooUCYNA_Full2,0.005129998199,C7H13NO2,0.0359099874,0.005129998199
Proline betaine,220815_Poo_TruePooUCYNA_Full3,0.005408955263,C7H13NO2,0.03786268684,0.005408955263
Proline betaine,220815_Smp_TrichoBloom_1,0.1219148843,C7H13NO2,0.8534041901,0.1219148843
Proline betaine,220815_Smp_TrichoBloom_2,0.03381207945,C7H13NO2,0.2366845562,0.03381207945
Proline betaine,220815_Smp_TrichoBloom_3,0.00885729054,C7H13NO2,0.06200103378,0.00885729054
Proline betaine,220815_Smp_UCYNAnew_1,0.004896073307,C7H13NO2,0.03427251315,0.004896073307
Proline betaine,220815_Smp_UCYNAnew_2,0.005099469558,C7H13NO2,0.03569628691,0.005099469558
Proline betaine,220815_Smp_UCYNAnew_3,0.005028251361,C7H13NO2,0.03519775953,0.005028251361
Riboflavin-5-phosphate,220815_Poo_TruePooUCYNA_Full1,0.002183856159,C17H21N4O9P,0.03712555471,0.008735424638
Riboflavin-5-phosphate,220815_Poo_TruePooUCYNA_Full2,0.002352198277,C17H21N4O9P,0.03998737071,0.009408793108
Riboflavin-5-phosphate,220815_Poo_TruePooUCYNA_Full3,0.002185279465,C17H21N4O9P,0.0371497509,0.00874111786
Riboflavin-5-phosphate,220815_Smp_TrichoBloom_1,0.1242400614,C17H21N4O9P,2.112081044,0.4969602457
Riboflavin-5-phosphate,220815_Smp_TrichoBloom_2,0.1244472397,C17H21N4O9P,2.115603075,0.4977889589
Riboflavin-5-phosphate,220815_Smp_TrichoBloom_3,0.1007346938,C17H21N4O9P,1.712489795,0.4029387752
Riboflavin-5-phosphate,220815_Smp_UCYNAnew_1,0.00138405133,C17H21N4O9P,0.02352887261,0.00553620532
Riboflavin-5-phosphate,220815_Smp_UCYNAnew_2,0.001842114173,C17H21N4O9P,0.03131594094,0.007368456691
Riboflavin-5-phosphate,220815_Smp_UCYNAnew_3,0.001050358638,C17H21N4O9P,0.01785609685,0.004201434552
Sarcosine,220815_Poo_TruePooUCYNA_Full1,3.231856455,C3H7NO2,9.695569364,3.231856455
Sarcosine,220815_Poo_TruePooUCYNA_Full2,3.384450393,C3H7NO2,10.15335118,3.384450393
Sarcosine,220815_Poo_TruePooUCYNA_Full3,3.56882295,C3H7NO2,10.70646885,3.56882295
Sarcosine,220815_Smp_TrichoBloom_1,3.59792812,C3H7NO2,10.79378436,3.59792812
Sarcosine,220815_Smp_TrichoBloom_2,2.058493493,C3H7NO2,6.17548048,2.058493493
Sarcosine,220815_Smp_TrichoBloom_3,0.6450561049,C3H7NO2,1.935168315,0.6450561049
Sarcosine,220815_Smp_UCYNAnew_1,3.117693275,C3H7NO2,9.353079826,3.117693275
Sarcosine,220815_Smp_UCYNAnew_2,2.681073133,C3H7NO2,8.043219399,2.681073133
Sarcosine,220815_Smp_UCYNAnew_3,2.733438228,C3H7NO2,8.200314683,2.733438228
Succinylglycine,220815_Poo_TruePooUCYNA_Full1,NA,C6H9NO5,NA,NA
Succinylglycine,220815_Poo_TruePooUCYNA_Full2,NA,C6H9NO5,NA,NA
Succinylglycine,220815_Poo_TruePooUCYNA_Full3,0.0001455432471,C6H9NO5,0.0008732594824,0.0001455432471
Succinylglycine,220815_Smp_TrichoBloom_1,0.003245577455,C6H9NO5,0.01947346473,0.003245577455
Succinylglycine,220815_Smp_TrichoBloom_2,0.002787786274,C6H9NO5,0.01672671764,0.002787786274
Succinylglycine,220815_Smp_TrichoBloom_3,0.0004594638681,C6H9NO5,0.002756783209,0.0004594638681
Succinylglycine,220815_Smp_UCYNAnew_1,NA,C6H9NO5,NA,NA
Succinylglycine,220815_Smp_UCYNAnew_2,NA,C6H9NO5,NA,NA
Succinylglycine,220815_Smp_UCYNAnew_3,NA,C6H9NO5,NA,NA
Taurocyamine,220815_Poo_TruePooUCYNA_Full1,0.003629793603,C3H9N3O3S,0.01088938081,0.01088938081
Taurocyamine,220815_Poo_TruePooUCYNA_Full2,0.003388385586,C3H9N3O3S,0.01016515676,0.01016515676
Taurocyamine,220815_Poo_TruePooUCYNA_Full3,0.001210827812,C3H9N3O3S,0.003632483437,0.003632483437
Taurocyamine,220815_Smp_TrichoBloom_1,NA,C3H9N3O3S,NA,NA
Taurocyamine,220815_Smp_TrichoBloom_2,NA,C3H9N3O3S,NA,NA
Taurocyamine,220815_Smp_TrichoBloom_3,0.00005509584935,C3H9N3O3S,0.000165287548,0.000165287548
Taurocyamine,220815_Smp_UCYNAnew_1,0.005228854108,C3H9N3O3S,0.01568656232,0.01568656232
Taurocyamine,220815_Smp_UCYNAnew_2,0.0002478123838,C3H9N3O3S,0.0007434371515,0.0007434371515
Taurocyamine,220815_Smp_UCYNAnew_3,0.00008188439915,C3H9N3O3S,0.0002456531974,0.0002456531974
Thiamine diphosphate,220815_Poo_TruePooUCYNA_Full1,NA,C12H19N4O7P2S,NA,NA
Thiamine diphosphate,220815_Poo_TruePooUCYNA_Full2,NA,C12H19N4O7P2S,NA,NA
Thiamine diphosphate,220815_Poo_TruePooUCYNA_Full3,0.0001826586669,C12H19N4O7P2S,0.002191904002,0.0007306346675
Thiamine diphosphate,220815_Smp_TrichoBloom_1,0.1111593531,C12H19N4O7P2S,1.333912237,0.4446374124
Thiamine diphosphate,220815_Smp_TrichoBloom_2,0.07573610565,C12H19N4O7P2S,0.9088332678,0.3029444226
Thiamine diphosphate,220815_Smp_TrichoBloom_3,0.03285844046,C12H19N4O7P2S,0.3943012855,0.1314337618
Thiamine diphosphate,220815_Smp_UCYNAnew_1,NA,C12H19N4O7P2S,NA,NA
Thiamine diphosphate,220815_Smp_UCYNAnew_2,NA,C12H19N4O7P2S,NA,NA
Thiamine diphosphate,220815_Smp_UCYNAnew_3,NA,C12H19N4O7P2S,NA,NA
Thiamine monophosphate,220815_Poo_TruePooUCYNA_Full1,0.002689289163,C12H18N4O4PS,0.03227146995,0.01075715665
Thiamine monophosphate,220815_Poo_TruePooUCYNA_Full2,0.003279647756,C12H18N4O4PS,0.03935577307,0.01311859102
Thiamine monophosphate,220815_Poo_TruePooUCYNA_Full3,0.004012291667,C12H18N4O4PS,0.04814750001,0.01604916667
Thiamine monophosphate,220815_Smp_TrichoBloom_1,0.0001000573034,C12H18N4O4PS,0.001200687641,0.0004002292136
Thiamine monophosphate,220815_Smp_TrichoBloom_2,0.000541428197,C12H18N4O4PS,0.006497138364,0.002165712788
Thiamine monophosphate,220815_Smp_TrichoBloom_3,0.001145693792,C12H18N4O4PS,0.0137483255,0.004582775168
Thiamine monophosphate,220815_Smp_UCYNAnew_1,0.002346431498,C12H18N4O4PS,0.02815717797,0.009385725991
Thiamine monophosphate,220815_Smp_UCYNAnew_2,0.00242271498,C12H18N4O4PS,0.02907257976,0.00969085992
Thiamine monophosphate,220815_Smp_UCYNAnew_3,0.003248037537,C12H18N4O4PS,0.03897645045,0.01299215015
Trigonelline,220815_Poo_TruePooUCYNA_Full1,1.019372462,C7H7NO2,7.135607231,1.019372462
Trigonelline,220815_Poo_TruePooUCYNA_Full2,0.9858198823,C7H7NO2,6.900739176,0.9858198823
Trigonelline,220815_Poo_TruePooUCYNA_Full3,1.024110744,C7H7NO2,7.168775207,1.024110744
Trigonelline,220815_Smp_TrichoBloom_1,0.01926649325,C7H7NO2,0.1348654528,0.01926649325
Trigonelline,220815_Smp_TrichoBloom_2,0.00925230378,C7H7NO2,0.06476612646,0.00925230378
Trigonelline,220815_Smp_TrichoBloom_3,0.006975934439,C7H7NO2,0.04883154107,0.006975934439
Trigonelline,220815_Smp_UCYNAnew_1,0.8271027426,C7H7NO2,5.789719198,0.8271027426
Trigonelline,220815_Smp_UCYNAnew_2,0.8434360068,C7H7NO2,5.904052047,0.8434360068
Trigonelline,220815_Smp_UCYNAnew_3,0.8811824864,C7H7NO2,6.168277405,0.8811824864
Trimethylamine,220815_Poo_TruePooUCYNA_Full1,NA,C3H9N,NA,NA
Trimethylamine,220815_Poo_TruePooUCYNA_Full2,NA,C3H9N,NA,NA
Trimethylamine,220815_Poo_TruePooUCYNA_Full3,0.01155757959,C3H9N,0.03467273876,NA
Trimethylamine,220815_Smp_TrichoBloom_1,0.04773786834,C3H9N,0.143213605,NA
Trimethylamine,220815_Smp_TrichoBloom_2,0.1606167742,C3H9N,0.4818503226,NA
Trimethylamine,220815_Smp_TrichoBloom_3,0.109921193,C3H9N,0.3297635789,NA
Trimethylamine,220815_Smp_UCYNAnew_1,NA,C3H9N,NA,NA
Trimethylamine,220815_Smp_UCYNAnew_2,NA,C3H9N,NA,NA
Trimethylamine,220815_Smp_UCYNAnew_3,NA,C3H9N,NA,NA
Trimethylamine N-oxide,220815_Poo_TruePooUCYNA_Full1,0.0006941451899,C3H9NO,0.00208243557,0.0006941451899
Trimethylamine N-oxide,220815_Poo_TruePooUCYNA_Full2,0.0007660341199,C3H9NO,0.00229810236,0.0007660341199
Trimethylamine N-oxide,220815_Poo_TruePooUCYNA_Full3,0.0005930994889,C3H9NO,0.001779298467,0.0005930994889
Trimethylamine N-oxide,220815_Smp_TrichoBloom_1,0.2876672124,C3H9NO,0.8630016371,0.2876672124
Trimethylamine N-oxide,220815_Smp_TrichoBloom_2,0.06033728683,C3H9NO,0.1810118605,0.06033728683
Trimethylamine N-oxide,220815_Smp_TrichoBloom_3,0.2074463364,C3H9NO,0.6223390091,0.2074463364
Trimethylamine N-oxide,220815_Smp_UCYNAnew_1,0.0008825504915,C3H9NO,0.002647651475,0.0008825504915
Trimethylamine N-oxide,220815_Smp_UCYNAnew_2,0.001067297028,C3H9NO,0.003201891085,0.001067297028
Trimethylamine N-oxide,220815_Smp_UCYNAnew_3,0.004766129041,C3H9NO,0.01429838712,0.004766129041
Turicine,220815_Poo_TruePooUCYNA_Full1,0.0001187760703,C7H13NO3,0.0008314324923,0.0001187760703
Turicine,220815_Poo_TruePooUCYNA_Full2,0.0001589580825,C7H13NO3,0.001112706577,0.0001589580825
Turicine,220815_Poo_TruePooUCYNA_Full3,0.00008977076669,C7H13NO3,0.0006283953669,0.00008977076669
Turicine,220815_Smp_TrichoBloom_1,1.775553586,C7H13NO3,12.4288751,1.775553586
Turicine,220815_Smp_TrichoBloom_2,0.7294534359,C7H13NO3,5.106174052,0.7294534359
Turicine,220815_Smp_TrichoBloom_3,0.23736612,C7H13NO3,1.66156284,0.23736612
Turicine,220815_Smp_UCYNAnew_1,0.0001115301448,C7H13NO3,0.0007807110134,0.0001115301448
Turicine,220815_Smp_UCYNAnew_2,0.0004035205582,C7H13NO3,0.002824643908,0.0004035205582
Turicine,220815_Smp_UCYNAnew_3,0.0004505367189,C7H13NO3,0.003153757032,0.0004505367189
Urea,220815_Poo_TruePooUCYNA_Full1,10.57965998,CH4N2O,NA,21.15931995
Urea,220815_Poo_TruePooUCYNA_Full2,6.154157827,CH4N2O,NA,12.30831565
Urea,220815_Poo_TruePooUCYNA_Full3,10.16756138,CH4N2O,NA,20.33512275
Urea,220815_Smp_TrichoBloom_1,14.95030086,CH4N2O,NA,29.90060172
Urea,220815_Smp_TrichoBloom_2,11.14452349,CH4N2O,NA,22.28904699
Urea,220815_Smp_TrichoBloom_3,9.418147709,CH4N2O,NA,18.83629542
Urea,220815_Smp_UCYNAnew_1,15.99378377,CH4N2O,NA,31.98756754
Urea,220815_Smp_UCYNAnew_2,9.124080473,CH4N2O,NA,18.24816095
Urea,220815_Smp_UCYNAnew_3,12.92113411,CH4N2O,NA,25.84226822